Hotel,Location,Refined_Positive,Refined_Negative,소음,가격,위치,서비스,청결,편의시설,주소
24 게스트하우스 전주점,전주,"한옥체험관에서 살짝 떨어져 있어 조용하고 좋았어요. 직원분들도 친절하시고, 밝은 분위기라 아이들도 정말 좋아했습니다. 전반적으로 만족스러웠어요. 한옥마을까지는 살짝 거리가 있었지만, 산책 삼아 걸어갈 만큼 가까웠어요.","다만, 화장실 문이 유리라 소리가 다소 새어 들어왔다는 점은 아쉬웠네요.",0.04,0.07,0.55,0.63,0.3,0.2,"전주, 현무3길 56"
나인브릭 호텔,서울,"주차가 정말 편리해서 좋았고, 욕조에서 여유롭게 반신욕을 즐길 수 있어서 최고였어요! 완전 힐링되는 시간이었네요. 직원분들의 친절한 서비스는 좋았지만, 숙소가 저층이라 아쉬웠어요. 주차도 편리하게 잘 도와주셨고요.",다만 직원분들이 다소 피곤해 보이셨던 점은 조금 아쉬웠습니다.,0.1,0.05,0.63,0.5,0.28,0.22,"서울, 마포구 홍익로5길 32"
AC 호텔 바이 메리어트 서울 강남,서울,"역삼역과 가까워서 출장이나 관광에 최적이고, 맛집도 많아요. 침구도 깨끗하고 편안해서 좋았습니다. 객실과 비품 관리 상태도 아주 만족스러웠어요. 전반적으로는 다시 방문하고 싶은 호텔입니다.","샤워호스에서 물이 새는 문제가 있었지만, 베개는 깨끗했어요. 다만 베개에 곰팡이 자국과 누런 얼룩이 조금 아쉬웠네요.",0.01,0.01,0.54,0.47,0.25,0.31,"서울, 강남구 테헤란로25길 10"
아라 호텔,서울,"종로와 가까운 동묘 앞 위치 덕분에 고궁 투어하기 편했어요. 방과 화장실이 깨끗하게 리모델링된 듯 했고, 청소 상태도 최고였습니다. 가성비 정말 좋은 숙소였네요!",방이 너무 작았어요. 3박하는 동안 2박째에는 청소는커녕 수건만 갈아주고 쓰레기만 비워주시더라고요. 좀 아쉬웠습니다.,0.04,0.02,0.33,0.26,0.24,0.13,"서울, 종로구 난계로29길60"
아스티 호텔 부산,부산,"부산 출장 때 묵었던 호텔 중 최고였어요! 객실이 넓고 깨끗했고, 주변 편의시설도 좋아서 만족스러웠습니다. 특히 직원분들이 친절하고 짐도 맡아주셔서 편리했고, 부산역 바로 옆이라 위치도 완벽했네요.","비즈니스 호텔이라 샌드위치 연휴라 그런지 가격이 좀 비쌌어요. 화장실이 좁았고, 바다 전망이라고 했는데 부두 쪽이라 뷰는 별로였습니다.",0.03,0.03,0.44,0.31,0.16,0.12,"부산, 동구 중앙대로 214번길 7-8"
아크하우스,강릉,"도보 여행에 최적의 위치였고, 객실이 넓고 조용해서 좋았어요. 화장실 포함 객실 전체가 아주 깨끗했습니다. 정말 만족스러운 숙소였어요!","주차 공간이 부족해서 야외에 주차하고 차 키를 맡겨야 했는데, 불편했습니다. 객실 내 컵이 위생적으로 관리되지 않아 찜찜했습니다. 전반적으로 불편한 점이 많았습니다.",0.01,-0.01,0.12,0.1,0.01,0,"강릉, 용지로96번길 4-5"
어바웃스테이 서울역,서울,"서울역에서 걸어서 10분 거리라 위치가 정말 좋았어요. 늦은 시간 도착이나 이른 출발에도 편리하고, 가격까지 저렴해서 좋았습니다. 무엇보다 직원분들이 친절해서 더 기분 좋았어요.","엘리베이터가 없어 4층까지 짐을 직접 옮겨야 했고, 방이 너무 좁아 캐리어를 펼칠 공간조차 없었어요. 간단한 여행이 아니라면 비추천합니다. 짐이 많다면 특히 힘들 거예요.",0.02,0.03,0.38,0.36,0.12,0.15,"서울, 용산구 후암로 57길 35"
에이큐브 호텔 동대문,서울,체크인부터 직원들이 친절하게 안내해줘서 편하게 이용했어요. 서울 근교 관광하기에도 위치가 좋아서 택시 타고 다니기 좋았고요. 정말 만족스러운 호텔이었네요! 배달앱으로 야식도 간편하게 해결했어요.,"샤워부스가 좀 작긴 했지만, 다만 조식이 없어서 아쉬웠네요. 조식 제공을 부탁드립니다!",0.02,0.03,0.31,0.24,0.2,0.1,"서울, 중구 동호로 35길 5"
애가한옥 게스트하우스,대구,"서문시장, 청라언덕, 근대골목, 동성로 등 주요 관광지와 가까워 여행하기 편했어요. 호스트분이 친절하게 대구 여행 정보도 많이 알려주셔서 더 좋았습니다! 덕분에 알찬 대구 여행을 즐길 수 있었어요. 계명대 근처라 식당이나 브런치 카페가 많아 편리했어요.","제일콩국까지 도보 5분 거리였지만, 방 크기는 아담해서 잠만 자기 좋았어요. 간단한 식사는 밖에서 해결하는 게 좋을 것 같아요.",0.06,0.01,0.44,0.39,0.19,0.03,"대구, 중구 남산로2길 11-11"
애월 스테이 인 제주,제주,"제주 공항과 가까워서 시내버스 이용이 편리하고, 근처에 마트와 식당이 많아 좋았어요. 김만덕 박물관과 칠성로 상가도 가까워서 호텔의 오랜 역사를 느낄 수 있었고, 믿음직스러웠습니다.","루프탑은 평일에 운영하지 않아 이용하지 못했고, 싱글침대는 작았으며 더블침대도 두 명이 쓰기엔 좁았어요. 게다가 난방이 너무 느려서 겨울엔 꽤 추웠습니다.",0.04,0,0.51,0.3,0.17,0.13,제주 제주시 애월읍 애월해안로 708
제주 아길라 호텔 오시아노 스위츠,제주,"바닷가 바로 앞, 도로변에 위치해 접근성이 좋았어요. 어메니티도 완벽했고, 겨울이라 이용 못했지만 루프탑 풀의 뷰가 정말 멋져서 다시 방문하고 싶네요. 다음엔 꼭 루프탑 풀을 이용해보겠어요! 가성비는 좋았지만, 객실 가구는 다소 오래된 편이었어요.","조식이나 룸서비스가 없어서 아쉬웠고, 베란다에 방충망이 있으면 더 좋았을 것 같아요.",0.02,0.02,0.39,0.36,0.11,0.25,"제주, 한림읍 옹포2길 10"
아하 스테이,경주,"황리단길이 가까워서 좋았고, 조용한 주택가에 위치해 마치 경주 시민처럼 편안하게 머물렀어요. 푸짐한 조식 덕분에 여행의 시작부터 기분 좋았습니다. 어메니티는 프런트에서 직접 받아야 하는데, 이 부분은 괜찮았습니다.",1인실에서 곰팡이 냄새가 심하게 나서 힘들었어요. 냄새 때문에 쾌적하지 못했던 점이 아쉬워요.,0.03,0.07,0.52,0.47,0.31,0.12,"경주, 봉황로 40-1, 2층"
에이든 바이 베스트 웨스턴 청담,서울,"압구정역 근처 병원 이용 때문에 묵었는데, 조식 30% 할인도 좋았고, 객실 조명도 밝고 쾌적해서 좋았어요. 트윈베드는 싱글 두 개라 불편함 없이 잘 이용했습니다.","쇼파에 얼룩이 많아 사용하지 못했고, 다만 쇼파 상태가 아쉬웠어요.",0.03,0.02,0.41,0.32,0.2,0.13,"서울, 강남구 도산대로 216"
알로프트 서울 강남,서울,"청담역에서 도보 10분 거리라 편리했고, 바로 옆 편의점이 있어서 필요한 물건 사기 좋았어요.","직원들은 친절했지만 호텔 규정에 대한 이해도가 부족해서 처리 과정에서 혼란이 있었고, 불편을 겪었습니다.  규정에 대한 직원 교육이 더 필요해 보입니다.",0.03,0.05,0.52,0.44,0.27,0.21,"서울, 강남구 영동대로 736"
알로프트 서울 명동,서울,"신세계백화점 본점이 한눈에 보이는 멋진 위치에 있었고, 직원들도 친절해서 정말 좋았어요. 시설도 가격 대비 훌륭했고, 전반적으로 만족스러운 숙박이었답니다!","비데 물살 조절이 안 되고 창문도 못 열어 답답했어요. 엘리베이터가 두 대뿐이라 오래 기다렸고, 고층으로 예약했지만 뷰가 좋지 않은 방을 배정받았습니다. 결론적으로 기대에 못 미쳤네요.",0.06,0.03,0.53,0.51,0.26,0.21,"서울, 중구 남대문로 56"
아만티 호텔 서울,서울,"홍대랑 가까워서 접근성 좋았고, 주차장도 넓고 편리했어요. 직원들 친절하고, 근처 맛집도 많아서 좋았네요!","쿠션이 너무 낡고 부족해서 등을 기대기 불편했고, 수영장 공사 중이라 이용할 수 있는 시설이 거의 없었어요. 로비는 정돈되지 않았고, 식당과 브런치 뷔페는 기대 이하였습니다.",0.13,0,0.58,0.5,0.29,0.28,"서울, 마포구 월드컵북로 31"
아마레 호텔 종로,서울,"명동, 경복궁, 청계천, 인사동 등 주요 관광지와 가까워서 여행하기 편했어요. 객실도 넓고 깨끗했고, 간단하지만 알찬 조식에 특히 직원분이 직접 만들어주시는 계란 프라이가 인상적이었네요. 덕분에 정말 푹 쉬고 왔습니다!",모텔촌에 위치해 밤늦게 돌아다니기엔 안전이 좀 불안했어요. 조식 메뉴에 야채죽이나 볶음밥 같은 선택지가 더 있으면 좋겠네요.,0.07,0.04,0.64,0.54,0.35,0.2,"서울, 종로구 수표로22길 7"
아미드 호텔 서울,서울,"추석 연휴에 이용했던 서비스 스위트룸은 가격 대비 만족도가 높았어요. 프런트 직원분들이 친절하셨고, 대중교통 이용도 편리해서 좋았습니다. 다음에도 또 이용하고 싶어요!","주말에는 가격이 다소 비싼 편이었고, 로비가 좁아서 체크인/체크아웃 대기 시간이 길었어요. 다소 불편했던 점입니다.",0.04,0.02,0.52,0.46,0.25,0.21,"서울, 종로구 인사동 5길 38"
아난티 앳 부산 코브,부산,"아난티는 깨끗하고 넓은 데다 직원들도 친절해서 좋았어요. 온천과 산책로도 잘 정비되어 있고, 맛집과 볼거리도 풍부해서 두 번째 방문인데도 새로운 즐거움을 느꼈네요. 교통도 편리해서 접근성이 아주 좋았어요.","호텔이 워낙 커서 길 찾는 데 시간이 좀 걸렸어요. 레스토랑이나 편의점 위치를 더 잘 알려줬으면 좋았을 것 같고, 식당 메뉴도 좀 더 다양했으면 좋겠어요.",0,0.02,0.08,0.08,0.03,0.05,"부산, 기장군 기장읍 기장해안로 268-32"
아난티 앳 강남,서울,아난티답게 객실이 넓고 편리하게 구성되어 있어 가족여행에 최적이에요.  다음 여행은 꼭 여기서 보내고 싶네요!,"도로 쪽 소음이 심해 잠 못 이룬 데다, 잦은 전화와 부족한 청소 상태까지 불편했습니다. 4성급 호텔인데 TV와 룸서비스가 없어 더 아쉬웠네요.",0.02,0.02,0.29,0.25,0.11,0.21,"서울, 강남구 논현로 734"
아르반 호텔,부산,"젊음의 거리 근처에 위치해 지하철역까지 걸어서 10분이면 충분했어요. 직원분들 친절함에 감동했고, 이 정도 가격에 이런 서비스라니 정말 만족스러운 호텔이었네요.",번화가에 위치해 주말엔 에어컨 소음이 꽤 커요. 소음에 예민하시다면 귀마개를 챙기는 게 좋을 것 같아요.,0.04,0.08,0.6,0.48,0.28,0.15,"부산, 부산진구 중앙대로 691번길 32"
아리랑힐 호텔 동대문,서울,"대학가에 위치해 접근성이 좋고, 바로 앞 카페에서 편하게 커피를 즐길 수 있어요. 호텔 내부는 깨끗하고 정돈되어 있으며, 편안한 분위기가 인상적이었습니다. 전반적으로 편안하고 쾌적한 휴식을 취할 수 있는 곳이었어요.","14층이었지만, 도로 소음이 심해 귀마개를 해도 잠 못 이룰 정도였어요. 환기도 제대로 못하고, 샤워기 헤드까지 물이 새서 불편했습니다. 결론적으로, 조용한 숙면을 원하시면 비추천입니다.",0.03,0.03,0.48,0.39,0.26,0.18,"서울, 성북구 아리랑로 8"
명동 아트래블 홈,서울,"명동역과 가까워서 이동이 편했고, 호텔에 정수기와 세탁기가 있어 편리했습니다. 화장실도 넓고 깨끗했고, 로비에 컵라면 등 생활용품이 마련되어 있어서 따로 뭘 사지 않아도 됐어요.","욕조 샤워기가 고장 나서 수압이 약했고, 방음이 좋지 않아 시끄러웠어요. 방도 좁고 환기도 불편했습니다.",0.02,0.04,0.31,0.09,0.08,0.04,"서울, 중구 명동8나길 18 6층"
아스타호텔,제주,"중문에 위치해 접근성이 좋았고, 야외 수영장도 편하게 이용했어요. 전반적으로 괜찮은 호텔이었어요.","가격은 다소 비쌌지만, 맛있는 식사 덕분에 가성비는 만족스러웠습니다. 밤에는 수영장 물이 너무 뜨거웠어요. 테이블이 조금 작고, 화장실에 곰팡이도 보였지만, 올레 8코스나 주변 호텔 정원 이용하기엔 좋았고, 일반룸은 가성비가 괜찮았습니다.",0,0,0.13,0.1,0.04,0.06,"제주, 서사로 129"
호텔 아벤트리 부산,부산,국제시장 한복판이라 식당이나 대중교통 이용이 너무 편했어요. 주차도 3시까지 연장해줘서 점심 먹고 나서도 편하게 있었고요. 위치 정말 최고였습니다!,"주차장 진입로가 좁고 찾기 어려워 불편했습니다. 호텔 내부 조명이 어두워 저녁에는 특히 불편했고, 환경을 생각해서 일회용품 어메니티는 제공하지 않는 점 참고하세요.",-0.01,0.02,0.23,0.14,0.08,0.01,"부산, 중구 광복로39번길 6"
백패커스 인 여수,여수,호텔 위치도 좋고 직원들도 친절해서 좋았어요. 전자레인지 등 주방 시설이 잘 갖춰져 있어 편리하게 이용했어요.,"룸메이트 때문에 잠깐 힘들었네요. 코로나 때문에 조식이 제공되지 않고 대신 쿠폰을 줬는데, 혼자 여행하는 사람은 쓰기 불편했어요. 조식이 제대로 준비됐으면 좋았을 텐데 아쉬웠습니다.",0.02,0.06,0.55,0.5,0.4,0.21,"여수, 공화남2길 14"
아름다운집 한옥게스트하우스,전주,"한옥마을 조용한 곳에 위치해서 밤잠 설칠 걱정 없이 푹 잤어요. 조식도 정말 훌륭했는데, 신선한 샐러드와 달콤한 과일, 맛있는 프렌치토스트까지 완벽했습니다! 강추합니다.","한옥의 특성상 방음이 약간 부족했지만, 크게 불편할 정도는 아니었어요. 다만 화장실이 조금 작다는 점이 아쉬웠네요.",0.03,0.01,0.5,0.57,0.13,0.03,"전주, 완산구 최명희길 24-1"
베니키아 호텔 해운대,부산,"부산 여행, 강력 추천합니다! 특히 처음 가는 분들에게 딱 좋은 곳이에요. 알찬 여행이 될 거예요. 다시 방문하고 싶은 호텔이지만,",처음 찾는 분들은 길 찾기가 다소 어려울 수 있어요. 방이 조금 작고 온돌 때문에 더운 편이었네요.,0.09,0.08,0.61,0.56,0.34,0.24,"부산, 해운대구 해운대해변로317"
베니키아 호텔 여수,여수,"깨끗하고 조용한 스파, 시원하게 잘 나오는 샤워시설, 그리고 환상적인 바다 전망까지 완벽했어요. 가격 대비 훌륭한 조식도 즐겼고, 바다를 바라보며 지인들과 편안한 시간을 보낼 수 있어 더욱 좋았습니다.","주차장 입구가 좁아서 운전 초보는 주차하기 힘들었고, 주차 공간도 부족했어요. 결론적으로 주차와 조식 때문에 불편을 많이 겪었네요. 다음엔 다른 곳을 알아봐야겠어요.",0.02,0.01,0.12,0.13,0.07,0.04,"여수, 시청서6길 19"
베니키아 중문 호텔,제주,제주 중문에 있는 다른 3성급 호텔들보다 훨씬 만족스러웠어요. 특히 직원분들이 친절하고 전문적이어서 좋았습니다. 수영장도 갖춰져 있어서 더욱 편리했어요.,"엘리베이터 소음이 심해서 시끄러웠고, 지하 주차장이 너무 좁아 불편했습니다. 주차 공간이 부족했어요.",0.01,0.01,0.09,0.11,0.07,0.08,"서귀포, 천제연로 166"
베니키아 스위스 로젠 호텔,경주,"외국인 투숙객이 많은 듯 깔끔한 호스텔 분위기였어요. 객실은 가격 대비 훌륭했고, 공용 공간도 잘 관리되어 있었죠. 특히 옷걸이 기계는 신기했고, 전반적으로 위치, 시설, 서비스, 가격 모두 만족스러웠습니다.",옆 건물 때문에 창문 뷰가 좋지 않고 어두웠어요. 경주 여행이라면 공영주차장 이용을 고려해야 할 것 같아요. 숙소 위치 때문에 불편할 수 있다는 점 참고하세요.,0.1,0.03,0.75,0.67,0.58,0.16,"경주, 보문로 465-37"
베스트 루이스 해밀턴 호텔 해운대,부산,"루이스 해밀턴 호텔은 깨끗하고 편안해서 잠자고 쉬기에 정말 좋았어요. 특히 에어컨이 시원해서 쾌적했고, 세 식구 부산 여행 숙소로 완벽했습니다. 가성비 좋은 숙소로 추천해요!","해밀턴 호텔은 매년 방문할 때마다 인도 블록이 더욱 파손되어 캐리어를 끌고 다니기 불편했습니다. 특히 가족 여행객은 주의해야 할 부분이며, TV가 자꾸 꺼지는 문제도 반복적으로 발생한다고 합니다. 낡은 시설 개선이 필요해 보입니다.",0.06,0.02,0.41,0.41,0.2,0.14,"부산, 해운대구 해운대해변로 209번 가길 8"
베스트웨스턴 해운대 호텔,부산,"해운대 해변, 온천장, 유람선이 가까워 위치가 정말 좋았어요! 근처에 편의시설도 많고, 맛있는 할매국밥집과 소고기국밥집도 바로 앞에 있어 가족 모두 만족했답니다. 특히 설 연휴 전날 묵었는데, 가성비까지 최고였어요! 조식은 없었지만 주변에 식당이 많아서 크게 불편하진 않았습니다.","주차 공간이 부족해서 근처 공영주차장 이용했는데, 주차비가 따로 드는 게 아쉬웠어요. 다만 주차 문제는 개선되었으면 좋겠네요.",0.01,0.02,0.26,0.17,0.1,0.05,"부산, 해운대구 구남로 42"
베스트웨스턴 제주호텔,제주,"공항 근처라 편했고, 잠깐 머물렀지만 깨끗하고 넓은 화장실이 좋았어요. 특히 전복죽이 맛있었던 조식도 기억에 남네요. 제주 여행 첫날 늦은 시간 도착해서 이용했는데 만족스러웠습니다.","밤늦게 찾아가는 길이 다소 어두워 불편했고, 어메니티 양 조절이 어려웠어요. 블룸 커피 티백이 있으면 좋겠고, 콘센트 위치도 조금 불편했습니다.",0.02,0.03,0.26,0.27,0.15,0.13,"제주, 도령로 27"
베스트 웨스턴 플러스 전주,전주,"비수기라 가격 대비 만족도가 높았어요. 객실이 넓고 깨끗해서 편안하게 쉬었고, 직원들도 친절했습니다. 다시 전주에 온다면 이 호텔을 이용하겠지만,","다만, 로비 입구의 계단이 위험해 보이니 개선이 필요해 보여요. 베개가 너무 높아 불편했고, 프런트 직원의 불친절함도 아쉬웠어요. 다음에는 더 나은 서비스를 받았으면 좋겠어요.",0.01,0.01,0.1,0.1,0.06,0.02,"전주, 완산구 현무 1길 41"
베스트웨스턴 프리미어 강남 호텔,서울,"강남역과 가까워서 이동이 편리했고, 남산 조망이 아름다운 객실이었어요. 호텔 직원들은 친절했지만 표정이 다소 어두웠어요.","다만 예약 사이트를 통해서인지 가격이 너무 비싸다는 점이 아쉬웠습니다. 지하철역 사이에 위치해 여름철 에어컨 관리가 어려웠고, 주변에 식당이 없어 저녁 식사가 불편했습니다. 해외 바이어 숙소로 이용하기엔 위치와 식당 편의성이 아쉬웠습니다.",0.05,0.03,0.37,0.29,0.15,0.1,"서울, 강남구 봉은사로 139"
블루 도어 호스텔 게스트하우스,속초,"외옹치해변 바로 앞이라 아침저녁 산책하기 너무 좋았어요. 호스트 분들도, 귀여운 반려견 베리도 정말 친절해서 편안하게 쉬다 왔습니다. 수건도 넉넉해서 불편함 없었고, 주변 관광지 정보도 잘 알려주셨어요.","화장실이 좁아서 샤워하기 불편했어요. 환풍기는 있었지만, 환기가 잘 안 돼서 답답했네요. 좀 더 넓고 환기 잘 되는 화장실이면 좋겠어요.",0.04,0,0.57,0.73,0.32,0.18,"속초, 해오름로 77-16"
호텔 로프트,서울,"4살 아이와 함께 묵었는데, 욕실 수압이 아주 좋았고 직원분들도 친절하게 수건 교체 등을 챙겨주셨어요. 버스 정류장과 가까워 편리했고, 주변 상권도 잘 발달되어 식사나 산책하기 좋았습니다. 역까지도 걸어갈 만한 거리였어요.","당산역 근처 호텔인데, 방음이 좀 아쉬웠어요. 옆방 소음(의자 끄는 소리, 옷걸이 소리 등)이 다 들렸거든요. 객실이 전체적으로 어두운 편이지만, 창문 열면 괜찮아요.",0.02,0.02,0.51,0.39,0.17,0.19,"서울, 영등포구 선유동2로 72"
부띠크 호텔 SB 여의도,서울,"넓은 방과 아이들 공부하기 좋은 책상 덕분에 편하게 머물렀어요. 후기가 좀 걱정됐는데, 가성비 정말 좋았습니다! 강력 추천해요.","첫 방 천장에 곰팡이가 너무 많아서 깜짝 놀라 다른 방으로 바꿔야 했습니다. 새 방은 인터넷도 안 되고, 금연실인데도 환풍구에서 담배 냄새가 나서 힘들었어요. 정말 최악이었어요.",0,0,0.23,0.12,0.05,0.05,"서울, 영등포구 영중로4길 36"
부산 비즈니스 호텔,부산,"해운대에서 주차하기 힘든 곳이 많은데, 이 호텔은 주차장이 협소하지만 비교적 잘 갖춰져 있어 편리했어요. 가성비 좋은 숙소였고, 일본 비즈니스 호텔보다 욕실이 훨씬 깨끗하고 좋았습니다.","418호 화장실 변기에서 심한 악취가 났어요. 비데 청소도 필요해 보였고, 헤어드라이어 교체도 요청드립니다.",0.03,0.03,0.28,0.24,0.09,0.05,"부산, 부산진구 부전로 67"
부산역 부킹더베이,부산,"부산역과 바로 연결되는 편리한 위치에 있는 호텔이라 KTX 이용이 정말 편했어요. 객실은 깨끗하고 스타일러까지 구비되어 있어서 좋았고, 가성비도 최고였습니다. 아침, 저녁 식사도 훌륭했어요!","부산 여행 중 묵었던 호텔인데, 더블 베드 하나만 있어 좁았지만 위치는 정말 좋았어요. 다만, 프런트 운영 시간이 짧아서 궁금한 점을 바로 해결하기 어려웠던 점이 아쉬웠습니다.",0,0.03,0.43,0.24,0.26,0.23,"부산, 동구 충장대로 160 (협성마리나G7)"
칼리스타 호텔,서울,명동 한복판에 위치해 접근성이 최고였어요! 직원들도 친절하고 주변 관광하기에도 너무 좋았습니다. 위치 때문에 재방문 의사 100%에요!,"체크인 때 외국인이 많다고 영어로 응대하더니, 한국말로 바꾸자 한국인이냐고 물어보는 등 프런트 직원의 태도가 불친절했습니다. 동행인과 함께 왔는데, 직원이 동행인에게 함부로 지시하고 규칙을 낭독하라고 강요했어요. 전반적으로 불편한 체크인 경험이었습니다.",0.03,0.01,0.39,0.19,0.05,0.05,"서울, 중구 명동7길 21"
설악의 향기,속초,호텔 직원분들이 친절하게 주변 관광 정보와 맛집을 알려주셔서 좋았어요. 객실까지 직접 가져다주는 신선한 조식도 정말 맛있었고요! 무엇보다 객실에서 보이는 바다 풍경이 환상적이었답니다.,"아이와 함께라 이불 추가 요금이 따로 있다는 걸 숙소에 도착해서야 알아서 당황했어요. 15,000원이었는데 조식 포함 가격이었죠. 야외 바베큐가 가능하면 더 좋았을 것 같아요.",0.14,0.03,0.79,0.91,0.26,0.04,"속초, 하도문길 42"
참 호텔,서울,"이대역에서 도보 5분 거리라 위치도 좋고, 주변에 편의점과 식당이 많아 편리했어요. 미리 도착해도 체크인이 가능해서 좋았고, 무엇보다 깨끗하고 쾌적한 방과 친절한 직원들, 그리고 가성비까지 완벽했습니다!","샤워기 수도꼭지가 이상했어요. 뜨거운 물이 나오는 곳에서 차가운 물만 나오고, 반대로 차가운 물이 나와야 하는 곳에서 뜨거운 물이 나왔죠. 정말 황당했어요.",0.04,0.07,0.51,0.38,0.24,0.12,"서울, 서대문구 이화여대3길 33"
코모도 호텔 부산,부산,"오래된 건물이지만 깨끗하게 관리되어 있었고, 무엇보다 직원들이 정말 친절해서 기분 좋았어요. 특히 프런트 직원분의 친절함이 인상적이었네요.",호텔이 언덕 위에 있어서 대중교통 이용이 불편했어요. 계단이 많아서 부모님과 함께 택시를 자주 이용했네요. 조식은 가격에 비해 만족스럽지 않았습니다.,0.01,0.02,0.16,0.2,0.05,0.09,"부산, 중구 중구로 151"
코모도호텔 경주,경주,보문호수와 가문호수 레스토랑은 아기 식기와 의자가 잘 갖춰져 있어 아기와 함께 편하게 식사할 수 있었어요.  객실 체크인 때부터 준비되어 있어서 더욱 좋았구요.  가족 여행객에게 정말 추천할 만한 곳입니다.,"헬스장, 수영장, 사우나 시설 이용 중 안내데스크 남자 직원의 불친절한 태도 때문에 기분이 상했습니다. 특히 수영장과 사우나가 6시에 열었으면 좋겠다는 생각이 들었습니다.",-0.01,0.01,0.05,0.08,0.02,0.01,"경주, 보문로 422"
콘래드 서울,서울,"여의도 백화점과 쇼핑몰, 지하철역과 연결된 지하통로 덕분에 편리하게 이용했어요. 프런트 직원분들의 친절한 응대 덕분에 숙소에 들어서는 순간부터 기분이 좋아졌네요. 정말 편안하고 즐거운 숙박이었습니다.",체크인할 때 프런트 직원 목소리가 너무 작아서 몇 번이나 되묻게 되었어요. 제가 잘 못 알아듣는 사람처럼 느껴질 정도였습니다. 고객에게는 조금 더 크고 또렷하게 말씀해주셨으면 좋겠어요.,0,0,0.09,0.11,0.02,0.04,"서울, 영등포구 국제금융로 10"
코트야드 메리어트 서울 타임스퀘어,서울,직원들이 친절하고 서비스도 좋았어요.  덕분에 기분 좋게 머물다 왔습니다.,"직원들은 친절했지만, 객실 창문 방충망이 망가져 있었어요. 라운지 등 부대시설은 다소 아쉬웠고, 호텔 측의 개선이 필요해 보입니다.",-0.01,-0.01,0.26,0.21,0.03,0.09,"서울, 영등포구 영중로 15"
코트야드 바이 메리어트 서울 보타닉파크,서울,"역에서 가까워서 편했고, 객실도 깨끗하고 좋았어요. 특히 퍼트뷰룸 강추! 친절한 직원들과 가성비 좋은 조식까지 완벽했습니다.",호텔 샤워기 거치대가 날카로워서 아내가 손을 심하게 베였어요. 피가 많이 나서 정말 놀랐습니다. 안전 관리에 신경 써주셨으면 좋겠어요.,0.03,0.01,0.27,0.32,0.14,0.11,"서울, 강서구 마곡중앙12로 10"
코트야드 메리어트 서울 남대문,서울,"조식이 정말 맛있었고, 침구도 편안해서 숙면을 취할 수 있었어요. 직원분들도 친절하셨고요. 지하철역과는 거리가 조금 있지만, 바로 앞에 버스 정류장이 있어서 이동이 편리했어요.",더운 여름에 지하철역과 거리가 좀 있어서 불편했어요. 객실 화장실 청소 상태가 아쉬웠네요. 다음에는 좀 더 꼼꼼하게 확인해주시면 좋겠습니다.,0.06,0.01,0.57,0.54,0.27,0.23,"서울, 중구 남대문로 9"
코지트리 호텔 서면점,부산,"부산 여행 최고였어요! 아이들과 함께하기에 안전하고 조용한 동네에 위치해서 좋았고, 서면까지 걸어서 10분 거리라 편리했어요. 특히 넓은 욕조가 있어 여행의 피로를 확실히 풀 수 있었답니다.","부산 호텔 앞 5차선 도로는 넓지만, 일방통행 표지판을 무시하고 역주행하는 차들이 종종 있어 위험했습니다. 다른 차들이 놀랄 정도로 굉장히 위험한 상황이었어요. 운전 조심해야 할 것 같아요.",0.03,0.03,0.73,0.49,0.45,0.31,"부산, 부산진구 황령대로 19"
크레토 호텔 명동,서울,"서울에서 깨끗하고 좋은 호텔 찾기 힘든데, 여기 정말 괜찮았어요. 깔끔하고 만족스러웠습니다.","관광지라 주차가 다소 불편하지만, 근처 유료 주차장이 있어 이용 가능해요. 밤에는 외부 소음과 냉기 때문에 추울 수 있으니 참고하세요. 창문 단열이 부족한 것 같아요.",0.08,0.02,0.39,0.32,0.16,0.14,"서울, 중구 명동8가길 53"
크라운파크 호텔 서울 명동,서울,"명동에 위치해 관광하기 편했고, 객실 상태도 깨끗하고 좋았어요. 직원들도 친절해서 더 기분 좋았고요. 가격 대비 정말 만족스러운 숙박이었어요! 덕분에 기분 좋은 특급호텔 경험이었고, 강력 추천합니다!",프론트 데스크 직원분을 제외하고는 모든 것이 완벽했습니다.,0.03,0.03,0.45,0.31,0.2,0.13,"서울, 중구 남대문로7길 19"
대동 호텔,제주,"바다 전망을 감상하며 즐기는 조식이 정말 좋았어요. 침대도 넓고 깨끗해서 편안하게 쉬었고, 무엇보다 공항과 가까워 여행 시작과 끝 모두 편리했답니다. 근처에 동문시장과 횟집도 많아서 먹거리도 풍부했어요.","단체 여행객이 많아서 호텔이 시끄러웠어요. 침대 가드를 요청했는데, 매트리스가 고정이 안 돼서 제대로 사용할 수 없었어요. 아쉬웠습니다.",0.01,0.03,0.38,0.27,0.13,0.14,"제주, 관덕로 15길 6"
대구 이월 호텔 동성로점,대구,,"대구 엑스코 전시회 때문에 호텔을 찾고 있는데, 엑스코 근처는 숙박 예약이 이미 다 차서 힘드네요.  다른 곳을 알아봐야 할 것 같아요. 시내 중심이라 가격은 비쌌지만, 새벽까지 시끄러운 청소년들 때문에 잠 못 이룬 게 아쉬웠어요. 헬스장 기구도 좀 더 다양했으면 좋았겠네요.",0.04,0.09,0.72,0.65,0.28,0.52,"대구, 중구 중앙대로81길 16"
대구 메리어트 호텔,대구,"대구에 위치가 좋아서 접근성이 편리했고, 객실도 깨끗해서 좋았어요. 구정 연휴라 라디에이터 요청했는데 친절하게 준비해주셨어요. 다음에는 클럽 패키지 이용해볼까 합니다.",아이들과 함께하는 명절 연휴에 다양한 가족 행사가 더 많았으면 좋겠어요. 특히 이번 설날처럼요! 가족 여행객을 위한 프로그램이 더 풍성해지면 좋겠습니다.,0,-0.01,0.18,0.19,0.09,0.05,"대구, 동구 동부로26길 6"
대구미드타운호스텔,대구,벙크베드가 갖춰진 깔끔한 게스트하우스였어요. 혼자 여행하는 사람에게 가격 대비 최고의 선택이었죠. 다음에도 혼자 여행 온다면 꼭 다시 이용할 거예요.,"방음이 좀 아쉬웠지만, 체크인 때 귀마개를 제공해서 다행이었어요. 소음에 민감하신 분들은 참고하세요.",0.03,0.01,0.49,0.37,0.28,0.14,"대구, 중구 중앙대로77길 47"
대영호텔 명동,서울,"회현역에서 5분이면 가는 최고의 위치! 남대문시장과 신세계백화점이 바로 옆이고, 명동과 남산도 걸어서 충분히 즐길 수 있어요.  여행하기 정말 편리했어요!",골목 안쪽 좁은 곳에 위치해 찾기 어렵고 주차장도 없어 불편했어요. 침대에 머리카락이 있어 청결도에 아쉬움이 남았습니다.,0.08,0.04,0.61,0.6,0.3,0.28,"서울, 퇴계로10길 20-8"
데이즈 호텔 명동,서울,"명동과 남대문시장이 가까워서 쇼핑하기 편했고, 지하철 5번 출구도 바로 앞이라 이동이 정말 편리했어요. 수압도 좋고 욕실 사용도 편했습니다. 위치가 최고였어요!","조식당 직원들이 불친절했고, 객실에서 냄새가 났으며 화장실 문도 고장 나 있었습니다. 청결 상태도 좋지 않았습니다. 전반적으로 만족스럽지 못한 숙박이었습니다.",0.03,0.03,0.51,0.45,0.24,0.19,"서울, 중구 퇴계로 107"
딜라이트 호텔 잠실,서울,롯데월드랑 가까워서 아이랑 가기 좋았어요. 주변에 먹을 곳이 많고 배달도 편해서 좋았네요. 특히 호텔 직원들이 친절했어요. 객실 상태는 아주 좋았습니다.,"체조경기장보다는 콘서트장이랑은 좀 멀었지만, 다만, 2층 침대에 이불을 덮은 채로 반신욕을 즐겼다는 점이 조금 아쉽네요.",0,0.02,0.24,0.25,0.1,0.08,"서울, 송파구 오금로11길 21-9"
델피노,속초,"설악산 울산바위 뷰를 미리 선택할 수 있어 좋았어요. 405호는 넓고 각 방에 화장실이 있어 편리했고, 간단한 취사도 가능한 시설까지 갖춰져 있었답니다.","다만, 바닥 상태가 조금 오래된 느낌이었어요. 중앙난방이라 방 온도 조절이 안 돼서 좀 추웠어요. 그리고 드라이기가 없어서 불편했네요.",0,0.03,0.03,0.04,0.02,-0.02,"속초, 토성면 미시령옛길 1153"
대구동성로제로게스트하우스,대구,"대구역과 동성로 중간이라 이동하기 편했고, 깨끗하고 가성비 좋은 호텔이었어요. 다양한 국적의 여행객들을 만나 즐거운 시간도 보냈답니다! 강추합니다!","호텔 1층 술집 때문에 밤늦도록 시끄러워요. 소파 등 휴식 공간이 부족해서 더 불편했고, 특히 주말에는 새벽 2시까지 시끄러운 음악 소리가 들렸습니다. 창문을 닫아도 소음이 심하게 들릴 정도였어요.",0,0,0.35,0.31,0.14,0.13,"대구광역시 중구 동성로 12길 9 (동문동),"
도란도란 게스트하우스,경주,"아름다운 한옥과 정갈한 마당이 인상적이었고, 맛있는 조식과 함께 멋진 전망까지 즐길 수 있었어요. 사장님과 사모님의 친절함도 잊을 수 없네요. 정말 편안하고 즐거운 숙박이었습니다.","호텔 주차장이 붐벼서 체크인 때 주차하기가 힘들었어요. 저녁에도 주차 공간이 부족했고, 욕실에서 약간의 냄새가 났던 점이 아쉬웠습니다.",0.06,0.03,0.67,0.76,0.24,0.07,"경주, 첨성로 165-10"
도미인 서울 강남,서울,"야식과 조식, 대욕장까지 완벽한 서비스에 지하철역 두 곳 사이라 이동도 편리했어요. 직원들도 친절하고 가격 대비 욕탕, 사우나, 무료 소바까지 즐길 수 있어 좋았습니다. 방 크기는 조금 아담했지만 혼자 여행하기엔 딱 적당했어요.",대욕장이 너무 시끄러워서 편히 쉴 수 없었어요. 옆 사람들 목소리 때문에 휴식을 제대로 취하지 못했네요. 조용한 분위기를 원하시는 분들께는 비추천입니다.,0.01,0.01,0.24,0.26,0.16,0.1,"서울, 강남구 봉은사로 134"
도원 게스트하우스,전주,"한옥마을과 가까워 접근성이 좋으면서 조용한 호텔이었어요. 사장님도 친절하시고 숙소도 편안했고, 특히 정원에서 먹는 아침식사, 구운 계란이 정말 맛있었답니다! 강력 추천해요!","아담한 한옥 스타일 원룸이었지만, 욕실이 좀 좁았어요. 욕실이 좁은 점이 아쉬웠고,  다음번엔 방충망 설치를 고려해주시면 좋겠어요.",0.07,0.03,0.52,0.56,0.22,0.08,전북 전주시 완산구 서학1길 38-1
ENA 스위트 호텔 남대문,서울,"객실까지 가는 복도가 넓어서 캐리어 끌고 다니기 편했어요. 직원들이 정말 친절해서 기분 좋았고, 덕분에 최고의 숙박 경험이었네요!","복도와 외부 소음이 심해 잠 못 이룬 점이 아쉬웠어요. 화장실 미닫이 문이 고장 나서 온도 조절도 힘들었고, 특히 1611호는 더 심했네요. 전반적으로 시설 관리가 부족했던 것 같습니다.",0.05,0.03,0.52,0.45,0.3,0.21,"서울, 중구 세종대로11길 36"
이스턴 호텔 제주,제주,"가격 대비 정말 만족스러운 호텔이었어요. 조식도 괜찮았고, 무인 편의점까지 있어서 편리하게 이용했네요. 추천합니다!","호텔 뒤편 평지 주차장은 외부 주차장으로 운영되어, 주차 가능 차량에 제한이 있었습니다. 따라서 외부 주차장 이용이 불가피했습니다.",0,0.01,0.11,0.02,0.08,0,"서귀포, 서호중로 65"
에코랜드 호텔,제주,"동백꽃 구경하기에 호텔 위치와 정원이 정말 좋았어요. 아름다운 경치와 좋은 서비스, 잘 관리된 정원과 가까운 올레길까지 산책하기에도 완벽했어요.",하지만 조식 뷔페는 실망스러웠습니다. 헬스장 기구가 너무 오래되고 공간도 좁아서 아쉬웠어요. 호텔 규모에 비해 편의점이 없다는 점도 불편했네요. 가격 대비 시설이 부족한 느낌이었습니다.,-0.01,0.01,0.08,0.08,0.03,0.03,"제주, 조천읍 번영로 1278-169"
엘모멘토 광안,부산,"광안대교가 멋지게 보이는 뷰와 테라스 덕분에 분위기 있는 시간을 보냈어요. 혼자 여행하기에도 좋았고, 위치도 편리했으며 직원들도 친절했죠. 침구도 편안해서 숙면까지 취할 수 있었답니다.","바닷가 조망은 좋았지만 방이 너무 좁고 모기가 많아 힘들었어요. 청결 상태도 별로였고, 냄새도 신경 쓰였네요. 게다가 관광지 이동이 불편해서 아쉬웠습니다.",0,0.04,0.35,0.2,0.04,0.02,"부산, 수영구 광남로94번길 16"
엘리시아 부티크 호텔,부산,"해운대 해수욕장 바로 앞이라 위치도 최고였고, 넓고 깨끗한 방에 멋진 바다 전망까지 완벽했습니다. 사장님도 친절하셔서 더욱 기분 좋았어요! 큰 방으로 업그레이드까지 해주셔서 정말 감사했네요.","해변 바로 앞이라 저녁엔 차와 음악 소리가 들리고, 벽지가 좀 낡아서 아쉬웠어요. 샴푸랑 바디워시도 없었던 건 처음이네요. 길가에 있어서 오토바이 소음도 신경 쓰였습니다.",0.01,0.04,0.3,0.14,0.1,0.04,부산 해운대구 구남로 49 엘리시아
공감게스트하우스,대구,대구 시내 중심가에 위치해 교통이 편리해요. 지하철역이 바로 코앞이고 대구역도 가까워서 어디든 이동하기 좋답니다! 구시가지 번화가에 있어서 맛집이나 볼거리도 풍부해요.,"침실에 전기주전자가 없어 불편했고, 화장실 콘센트가 없어 드라이어 사용이 어려웠어요. 더 큰 문제는 화장실 문이 제대로 안 잠겨 불안했습니다.",0.11,0.01,0.63,0.48,0.14,0.16,대구 중구 중앙대로79길 32
페어필드 바이 메리어트 부산 송도 비치,부산,"5살 아이와 함께 케이블카를 타려고 묵었던 숙소는 모던하고 넓어서 좋았어요. 불필요한 벽이 없어 개방감이 느껴졌고, 특히 창가의 소파는 정말 편안했습니다! 최고의 휴식 공간이었어요.","부산 호텔 당일 예약 시 요청했던 침대 가드가 제공되지 않았습니다. 예약 시스템 오류로 호텔 측에 제 연락처가 전달되지 않은 탓이었고,  침대 가드가 필요하신 분은 예약 후 호텔에 직접 확인하시는 게 좋겠습니다.",0.02,0.02,0.42,0.46,0.13,0.17,"부산, 서구 송도해변로 113"
페어필드 바이 메리어트 서울,서울,"여의도 국회의사당까지 걸어서 15분 거리라 접근성이 뛰어났어요. 객실 청결 상태도 좋았고, 무엇보다 직원분들이 친절해서 기분 좋았습니다. 특히 샤워실과 화장실이 분리된 점이 편리했어요. 방음이 완벽하진 않지만, 생각보다 괜찮았습니다.","영등포역 근처라 기차 소리가 들리지만, 금세 익숙해져서 불편함은 없었어요.",0.02,0.02,0.29,0.26,0.18,0.11,"서울, 영등포구 경인로 870"
페어몬트 앰배서더 서울,서울,얼리 체크인은 객실 상황에 따라 가능했어요. 방에 HDMI와 랜선이 있어서 노트북으로 유튜브는 물론 넷플릭스나 디즈니+도 편하게 볼 수 있었을 것 같아요. 덕분에 편안하게 휴식을 취할 수 있었답니다.,호텔 주차장 입구가 협소해서 주차하는 데 시간이 오래 걸렸어요. 조식도 좀 더 개선이 필요할 것 같습니다. 전반적으로 불편했던 점이 몇 가지 있네요.,0,0,0.17,0.14,-0.03,0.07,"서울, 영등포구 여의대로 108"
"포포인츠 바이 쉐라톤 조선, 서울 명동",서울,"직원들이 친절하고, 룸 서비스도 훌륭했어요. 위치도 좋아서 교통편 이용이 편리했고요. 강력 추천합니다!",샤워 수압이 너무 약해서 아쉬웠어요. 그리고 전기포트 안쪽에 곰팡이가 보였습니다. 다음에는 개선되었으면 좋겠네요.,0.03,0.02,0.48,0.43,0.19,0.16,"서울, 중구 삼일대로 10길 36"
"포포인츠 바이 쉐라톤 조선, 서울역",서울,걸어서 30분 거리였지만 가격 대비 만족스러웠어요.,"지하철역과 연결되어 있지만 공항철도까지는 도보 20분 정도 소요됩니다. 밤늦은 체크인이라 그랬는지, 프런트 직원의 태도가 좋지 않았어요. 카드와 영수증을 던지듯 주는 바람에 실망했고, 쉐라톤 호텔의 서비스 수준이라고는 생각되지 않았습니다. 다소 불친절했어요.",0.03,0.02,0.39,0.34,0.16,0.15,"서울, 용산구 한강대로 366"
포포인츠 바이 쉐라톤 서울 강남,서울,"압구정, 신사역 등 지하철역과 가까워 교통이 편리하고, 직원들의 서비스도 최고였어요. 강남 한복판에 위치해 있으면서 가성비까지 훌륭한 곳이라 정말 만족스러웠습니다. 강력 추천합니다! 객실 청소는 대체로 깔끔했어요. 전반적으로는 괜찮았습니다.","창문 커튼이 짧아서 새벽 햇살이 들어왔고, 길가 쪽 방이라 소음이 있었어요. 반대쪽 방은 전망이 없었지만,",-0.01,0.02,0.22,0.22,0.05,0.07,"서울, 강남구 도산대로 203"
포포인츠 바이 쉐라톤 서울 구로,서울,"구로디지털단지역 먹자골목 바로 뒤에 위치해 접근성이 좋고, 버스 정류장도 가까워 호캉스 즐기기에 최적의 장소였어요. 정말 편리했어요!","주차 등록을 매번 해야 해서 불편했지만, 시원한 방을 원하시면 에어컨이 생각보다 시원하지 않을 수 있으니 참고하세요. 더위를 많이 타시는 분들은 특히 주의하세요.",0.02,0.02,0.31,0.3,0.15,0.13,"서울, 구로구 디지털로 32, 72"
포시즌스 호텔 서울,서울,"새 호텔이라 깨끗하고 넓은 객실이 정말 좋았어요. 직원분들도 친절하시고, 위치도 최고였죠!","로비 화장실 청소만 조금 신경 써주시면 더 좋을 것 같아요. 클럽라운지 직원이 부족해서 서비스가 다소 느렸고, 소파베드는 불편했습니다. 룸서비스 메뉴도 다양하지 않았고, 한국어 메뉴판도 고장 났더군요. 직원을 더 충원하고 메뉴를 개선해야 할 것 같아요.",0.05,0.01,0.46,0.58,0.18,0.26,"서울, 종로구 새문안로 97"
프레이저 플레이스 센트럴 서울,서울,직원분들이 정말 친절하고 서비스도 좋았습니다. 체크아웃 시간은 오후 1시였습니다. (객관적인 사실 진술이므로 POS로 분류. 부정적이지 않음),"설날 가족여행으로 서울에 있는 호텔을 이용했는데, 수영장, 사우나, 피트니스, 조식은 못 즐겼지만 다음에 꼭 이용해보고 싶어요. 객실에 제공된 생수 2병 외에는 무료 생수를 추가로 받을 수 없었어요. 룸키 오류로 1박 후 재등록해야 하는 불편함도 있었고, 체크아웃 시간 1시간 전에 전화가 와서 조금 당황했습니다.",0.03,0.02,0.45,0.38,0.26,0.27,"서울, 중구 통일로 78"
G2 호텔 명동,서울,넓고 깨끗한 방에 흠뻑 빠졌어요! 직원들도 친절하고 서비스도 좋았습니다. 정말 기분 좋은 숙박이었어요.,"수건에 이물질이 묻어 있었고, 침구류에도 작은 구멍이 몇 개 있었네요. 다음에는 좀 더 깨끗한 시설을 이용할 수 있도록 개선해주시면 좋겠습니다.",0.07,0,0.47,0.42,0.26,0.16,"서울, 중구 수표로 24"
G3 호텔 충무로,서울,"충무로역이 가까워서 교통이 편리했고, 객실도 깨끗하고 좋아서 편안하게 묵었습니다. 다음에도 꼭 다시 이용하고 싶어요!","연말이라 가격이 좀 나갔지만, 가성비는 살짝 아쉬웠어요. 침대 두 개 중 한 쪽에만 콘센트가 있는 건 불편했지만, USB 포트는 양쪽에 다 있어서 다행이었네요.",0.09,0.01,0.5,0.3,0.22,0.15,"서울, 중구 충무로7"
글래드 강남 코엑스 센터,서울,"강남 코엑스에서 도보 10분 거리라 위치가 정말 좋았어요. 직원들이 친절해서 체크인부터 체크아웃까지 기분 좋았고, 젊은 여행객들에게 딱 맞는 호텔인 것 같아요.","카드키 인식이 잘 안 돼서 엘리베이터와 방 문 열 때마다 애를 먹었어요. 비즈니스 호텔이라 방이 좁고 창문도 작아 답답했고, 베개가 너무 푹신해서 잠 설쳤네요. 결론적으로 숙면을 취하기 어려웠습니다.",0.02,0.02,0.28,0.19,0.15,0.05,"서울, 강남구 테헤란로 610"
글래드 마포,서울,"한강 근처라 경치도 좋고, 지하철역이 바로 앞이라 이동이 너무 편했어요. 호텔 주차장도 이용했는데, 침구도 깨끗하고 푹 잘 수 있었답니다. 최고의 위치와 편안함이었어요!","예전에는 할인받고 묵었던 호텔인데, 요즘 외국인 관광객이 많아져서 예전처럼 저렴하게 이용할 수 없어 아쉬워요. 가격이 많이 올랐네요.",0.04,0.02,0.35,0.25,0.14,0.1,"서울, 마포구 마포대로 92"
글래드 여의도,서울,"글래드 호텔 덕분에 서울 여행이 훨씬 편해졌어요. 위치도 좋고, 시설도 편리해서 좋았고, 무료 생수와 주차까지 가능한데 가격도 괜찮았어요. 직원들도 친절해서 더 기분 좋았네요.","외국인 친구와 함께 갔는데, 시설 안내가 영어로 부족해서 조금 불편했어요. 영어 표기가 더 자세했으면 좋았을 것 같아요.",0.03,0.03,0.27,0.21,0.12,0.08,"서울, 영등포구 의사당대로 16"
가은채,전주,"전주 한옥마을 바로 앞이라 여행하기 최고였어요! 공영주차장도 가까워서 편했고, 초등학생 아이 셋과 함께 한옥 체험도 즐겁게 했습니다. 가족여행으로 강추해요! 한옥 특유의 분위기는 좋았습니다.","아담한 방 크기와 어두운 바닥이 조금 아쉬웠지만, 전반적으로 무난하고 특별한 점은 없었어요. 다만, 좀 더 밝고 넓었으면 좋았을 것 같아요.",0.09,0.02,0.44,0.36,0.25,0.1,"전주, 완산구 한지길 68-13"
가은채2,전주,"한옥마을 중심에 위치해 관광과 맛집 탐방이 편리했어요. 특히 전주 맛집 중 최고였고, 전주 여행의 매력을 한껏 느낄 수 있었답니다. 다시 전주에 간다면 꼭 다시 가고 싶은 곳이에요!","한옥을 개조한 숙소라 방음이 다소 부족해 밤에 시끄러울 수 있어요. 복층 구조는 생각보다 아담한 편이고, 아래층에 어른 4명, 다락방 같은 위층에 2명 정도 잘 수 있는 크기입니다. 복층형 호텔을 기대하셨다면 다소 실망하실 수 있어요.",0.08,0,0.39,0.28,0.19,0.03,"전주, 완산구 한지길 100-20"
강남 아르누보씨티,서울,"지하철역과 가까워서 접근성이 좋았고, 객실이 넓고 깨끗해서 편안하게 지냈어요. 세탁기와 전자렌지도 구비되어 있어서 정말 편리했고, 무엇보다 아침식사가 훌륭했네요! 가격 대비 만족도가 높았습니다.","호텔이 너무 붐벼서 불편했어요. 특히 주방 청소 상태가 좋지 않았고, 필요한 주방 용품도 부족해서 와인 오프너까지 직접 사러 갔어요. 심지어 욕실 두 곳의 비데는 고장 나 있었고, 넷플릭스도 시청할 수 없었답니다.",0.01,0,0.2,0.16,0.04,0.09,"서울, 서초구 서초대로 74길 49"
컨피네스 오션 스위트 호텔,강릉,"경포해변이 바로 보이는 멋진 뷰와 해변까지 걸어서 금방 갈 수 있는 편리함이 정말 좋았어요. 직원분들도 친절하시고, 호텔이 깨끗하게 관리되어 있어서 다음에도 꼭 다시 오고 싶네요!","객실 가구에서 나는 소음 때문에 불편했어요. 수영장 물이 탁해서 깨끗하지 않았고, 샤워 후 물기 제거나 모자 착용 등 제약이 많아 아쉬웠습니다. 전반적으로 편의성이 부족했네요.",0,-0.01,0.04,0.03,0.02,0.03,"강릉, 사천면 진리항구2길 5"
강릉 씨티 호텔,강릉,"주문진 시장이 가까워서 편리했고, 객실도 넓고 주차도 걱정 없었어요. 직원분들 친절하고 깨끗해서 좋았고, 조식도 맛있었네요. 주문진 여행 시 늘 이용하는 곳인데, 위치도 좋아 관광하기에도 최고였습니다!","두 아이와 함께 2층 침대 방을 예약했는데, 침구 상태가 좋지 않았어요. 체크인 시간인 3시에 로비가 너무 붐벼서 오래 기다려야 했고, 번호표 시스템이 있었으면 더 좋았을 것 같아요.",-0.03,-0.01,0.08,-0.01,0.01,0.03,"강릉, 교동광장로 112"
강릉 게스트하우스 뮤,강릉,"호텔 직원분들이 아침 일찍 도착했을 때, 그리고 늦은 시간 도착했을 때에도 친절하게 짐을 맡아주셔서 정말 감사했습니다.  덕분에 편안하게 쉬었다 갑니다!",방이 너무 어두워서 불을 끄면 아무것도 안 보였어요. 외국인 숙소라고 했는데 안내문이 한국어로만 되어 있어서 다른 외국인에게 길을 물어봤네요. 게다가 수건도 부족하고 세탁 시설도 없었어요.,0.04,0.01,0.43,0.51,0.34,0.06,"강릉, 경강로 2068-1"
강릉관광호텔,강릉,"아리아 뷔페 조식과 석식 모두 최고였어요! 호텔 위치도 좋았고, 시설이며 서비스, 청결도까지 모든 게 완벽했습니다. 직원분들도 친절해서 더 기억에 남는 숙박이었네요.","수영장 이용객들이 락카가 없어 바스가운을 걸치고 다니는 불편함과 민망함을 느꼈어요. 객실에 안내문을 두거나, 락카를 설치하면 좋을 것 같습니다. 좀 더 편리하고 프라이빗한 수영장 이용을 위해 개선이 필요해 보여요.",0.02,0.01,0.15,0.23,0.08,0.19,"강릉, 금성로 62"
글로리인,서울,"동대문역과 을지로4가역이 가까워서 공항버스 이용이 편리했어요.  덕분에 공항 이동이 수월했고, 다음 한국 방문 때도 꼭 다시 이용할 생각입니다.",출장객에게는 적합하지 않은 호텔이었습니다.  업무 처리에 불편함을 느낄 수 있어요.  다른 곳을 알아보시는 게 좋을 것 같습니다.,0.03,0.09,0.57,0.56,0.26,0.27,"서울, 중구 동호로 343-1"
글로스터 호텔 제주,제주,"제주공항에서 택시로 5분~10분(5천원 정도) 거리라 편리했어요. 주변에 먹을 곳도 많아서 좋았고, 늦은 시간 도착에도 부담 없었답니다. 위치 최고! 전반적으로는 괜찮았습니다.","아침저녁으로 층간 소음이 조금 있었지만, 크게 신경 쓰일 정도는 아니었어요. 다만, 욕실에서 약간 냄새가 나서 예민하신 분들은 불편할 수도 있겠더라고요.",0,0.01,0.23,0.16,0.09,0.06,"제주, 삼무로 57"
골든 서울 호텔,서울,"무료 주차 덕분에 저렴하게 잘 이용했어요. 조식도 정말 맛있었고, 직원분들 친절함까지 최고였습니다! 다음에도 꼭 다시 방문하고 싶네요.","한강뷰를 기대했는데 패밀리룸은 2~3층에만 있어서 아쉬웠어요. 호텔 전체가 다소 어둡고, 지하 주차장도 좁았습니다. 그리고 한강이나 주변 시설로 가는 길이 불편했어요.",0.04,0.02,0.3,0.22,0.14,0.1,"서울, 강서구 염창동 공항대로 663"
굿올데이즈 호텔,부산,"부산역 근처 조용하고 분위기 좋은 중앙동에 위치한 호텔이었어요. 직원분들도 친절하시고, 호텔 컨셉과 세심한 서비스까지 완벽했습니다! 정말 만족스러운 숙박이었네요. 정말 훌륭한 곳이었어요! 다음에는 늦은 체크아웃까지 넉넉하게 시간을 활용해야겠어요.",화장실 환기만 조금 더 신경 써주시면 완벽할 것 같아요.,0.04,0,1.02,1.01,0.43,0.58,"부산, 중구 중앙대로41번길 5"
그랩 디 오션 송도,부산,"새 건물이라 깨끗하고 조용해서 좋았어요. 바다 전망도 끝내주고 룸 컨디션도 최고였죠. 특히 2월 27일 리셉션 직원분의 친절함이 기억에 남네요! 부산역과 가까워서 좋았지만,","주차는 다소 불편했어요. 체크아웃 후 세탁시설 이용이 안 된다는 점이 아쉬웠고, 조식 뷔페는 가격 대비 메뉴 구성과 신선도가 부족했습니다. 조식 가격 인하 또는 메뉴 개선이 필요해 보여요.",0.03,0.01,0.23,0.17,0.08,0.03,"부산, 서구 송도해변로 97"
그라벨 호텔 제주,제주,"아이랑 가기 좋은 가성비 최고 호텔이었어요! 온수풀이 따뜻해서 밤에도 신나게 물놀이 했고, 공항이랑 가까워서 이동도 편리했어요. 주변 맛집도 많아서 더 좋았네요.",수영장은 생각보다 시끌벅적한 클럽 분위기라 조용히 쉬고 싶었던 기대와 달랐어요. 수건도 부족했고요. 전반적으로 아쉬움이 많이 남는 곳이었습니다.,0,0.03,0.21,0.2,0.11,0.19,"제주, 일주서로 7316"
그랜드 하얏트 서울,서울,"오래된 호텔 특유의 분위기가 좋았고, 남산 조망과 훌륭한 조식 뷔페(메뉴도 다양했어요!) 덕분에 해외여행 온 기분이었어요. 아이 식기까지 챙겨주시는 세심함에 감동했고, 직원분들도 친절하셨습니다. 조식은 종류도 많고 편안하게 먹을 수 있었지만,",아침 시간대 엘리베이터가 너무 붐벼서 기다리는 시간이 길었어요. 엘리베이터가 부족해서 불편했던 점이 조금 아쉽네요.,0,0,0.21,0.21,0.11,0.12,"서울, 용산구 소월로 322"
그랜드 인터컨티넨탈 서울 파르나스,서울,"리모델링 덕분에 객실이 깨끗하고 좋았어요. 고층 뷰도 끝내주고, 코엑스몰이 가까워서 편리했네요. 모든 시설이 잘 관리되어 있었어요.","시설은 좋았지만 가격이 다소 비싼 편이라 가성비는 떨어졌어요. 세면대에 수건 걸이가 없어 불편했고, 침대 옆에 티슈가 있었으면 더 좋았겠어요.",0,0,0.39,0.46,0.19,0.18,"서울, 강남구 테헤란로 521"
그랜드 조선 부산,부산,"깨끗하고 향기로운 호텔이었어요. 특히 사우나와 헬스장에서 보이는 뷰가 정말 좋았고, 해운대 중심가에 위치해 교통도 편리했어요. 주변 맛집도 많아서 좋았습니다.","해운대 해수욕장 쪽 출입구가 세 개나 있어서 엘리베이터를 기다리는 시간이 너무 길었어요. 엘리베이터가 좁고 낡아서 불편했지만, 위치 때문에 어쩔 수 없었던 것 같아요. 직원 서비스는 조금 아쉬웠습니다.",0,0.02,0.4,0.35,0.19,0.29,"부산, 해운대구 해운대해변로 292"
그랜드 조선 제주,제주,"제주도 첫 여행, 아들과 함께 정말 즐거운 추억 많이 만들고 갑니다! 잊지 못할 시간이었어요.","스카이풀 워터파크는 야외 수영장 물이 너무 차가워 이용하지 못했어요. 실내는 따뜻했지만, 욕실 바닥에 물때가 많아 불편했네요. 난방도 조금 더 신경 써주셨으면 좋겠어요.",0.01,-0.02,0.02,0.01,0.02,0.03,"서귀포, 중문관광로72번길 60"
그랜드 머큐어 앰배서더 호텔 앤 레지던스 서울 용산,서울,"럭셔리한 객실과 고급 비품들, 예술작품과 책들이 놓여 있어서 머무는 동안 즐거움을 만끽했습니다. 친절한 프런트 직원들의 서비스와 편리한 발렛 파킹도 인상적이었어요. 넓은 객실 크기도 매우 좋았습니다.","호텔에서 도시 전망을 보며 요리하려 했는데, 인덕션이 1구라서 불편했어요. 최소 2구는 있어야 편리할 것 같네요.",0.12,0,0.38,0.41,0.17,0.21,"서울, 용산구 청파로 20길 95"
그랜드 워커힐 서울,서울,"결혼 10주년 기념으로 아차산 근처 호텔에 가족여행을 다녀왔어요. 클럽라운지 덕분에 가성비도 좋았고, 친절한 직원들 덕분에 기분 좋은 산책까지 즐길 수 있었답니다. 특히, 따뜻하게 맞아주신 직원분들께 감사해요! 16층 라운지에서 티타임, 해피아워, 조식을 이용했는데, 메뉴가 다양했습니다.","16층 라운지에서 티타임, 해피아워, 조식을 이용했는데, 메뉴가 다양하지만 국과 김치가 없어 아쉬웠어요. 어제 저녁 메뉴에서 주류가 빠지고 샐러드만 추가된 것 같아 조금 실망스러웠네요. 뷰는 좋았지만 음식은 기대에 못 미쳤습니다.",0,0.01,0.01,-0.02,0,-0.01,"서울, 광진구 워커힐로 177"
그리드 인 호텔,서울,"종로3가역이 도보 거리라 교통이 너무 편했어요. 가성비 최고였고, 지하철역까지 1분이면 충분했답니다! 위치 정말 최고였어요. 가격 대비 괜찮았지만 방이 너무 좁아서 캐리어 펼칠 공간도 없었어요.",낮에는 샤워하는 사람이 많아서 뜨거운 물이 잘 안 나오기도 했습니다. 좁은 방 크기가 가장 큰 단점이었네요.,0.08,0.04,0.72,0.63,0.4,0.25,"서울, 종로구 종로18길 9-6"
구덕 게스트하우스,제주,"바다 전망도 좋았고, 레트로 감성의 예쁜 인테리어가 인상적이었어요. 오래된 건물이지만 깨끗하게 관리되어 있었고, 직원분들도 친절해서 편안하게 쉬다 왔습니다. 정말 만족스러운 여행이었어요!","오래된 건물이라 객실과 화장실이 다소 낡았지만, 깨끗하게 관리되고 있었습니다. 다만, 샤워기 수압이 약해 머리 감는 데 시간이 조금 걸렸어요. 전반적으로 괜찮았지만, 화장실 시설 개선이 조금 필요해 보입니다.",0.06,0.14,0.71,0.68,0.19,0.26,"서귀포, 솔동산로22번길 20"
구도 레지던스 충무로,서울,"가족 여행 중 최고의 선택이었어요! 깨끗하고 편안한 침구와 훌륭한 위치 덕분에 남산, 경복궁, 명동 등 주요 관광지를 차 없이도 편하게 다닐 수 있었답니다. 다음 여행 때도 꼭 다시 오고 싶어요! 숙소 자체는 쾌적했고,","전자레인지가 고장 나고 체크인 문자도 안 와서 살짝 불편했지만, 직원 응대가 빨라 금방 해결되었어요. 현관에 걸쇠만 있었으면 더 좋았을 것 같아요.",0.01,0.02,0.29,0.28,0.21,0.11,"서울, 중구 마른내로12길 17-23"
구마 모던 한옥,대구,"대구 시내, 특히 인사동성로와 대구역이랑 가까워서 위치가 정말 좋았어요. 호텔 직원들도 친절했고, 필요한 게 다 있어서 편안하게 쉬다 왔네요. 다음에 대구에 오면 또 여기서 묵을 것 같아요. 복도를 공용으로 사용하는 건 불편하지 않았어요. 대구 교통 상황은 운전자들에게는 불편할 수 있겠지만 호텔 이용에는 큰 영향이 없었어요.","창문이 없어서 아쉬웠지만, 다만, 환기가 조금 덜 된다는 느낌이 들었네요.",0.06,0,0.5,0.41,0.33,0.04,"대구, 중구 서성로16길 46-12"
경주 봉황맨션,경주,"황리단길 바로 옆이라 맛집, 술집 등 먹거리 고르는 재미가 쏠쏠했어요. 예쁜 한옥 분위기에 아이들과 함께 편하게 쉬기에도 좋았고, 부대시설도 잘 갖춰져 있었답니다. 위치며 시설이며 정말 만족스러운 숙소였어요!",6인실이었지만 창문 틈새로 바람이 새어 들어와 특히 끝방이 너무 추웠어요. 남편과 아들도 많이 추워했습니다. 화장실 배수도 느리고 곰팡이까지 있어 프런트에 연락했더니 에어컨을 켜거나 문을 열어놓으라고만 하더라고요. 조식도 없어 아쉬웠습니다.,0.02,-0.01,0.44,0.37,0.14,0.12,"경주, 원효로 104-6"
경주 호텔 공간,경주,"보문단지 근처라 편리했고, 조식도 깔끔하고 맛있었어요. 침대가 편안했고, 화장실도 넓어서 좋았습니다. 전반적으로 만족스러운 숙박이었어요.","낮 시간대 리모델링 공사 소음 때문에 쉬는 데 불편을 겪었어요. 욕조가 없어 아쉬웠고, 황리단길은 볼거리가 부족한 느낌이었네요. 조금 더 개선이 필요할 것 같아요.",-0.02,0.01,-0.01,0.01,-0.02,0,"경주, 원효로26번길 10"
경주 나무 게스트하우스,경주,"황리단길에서 조금 걸어야 하지만, 불편함 없이 다닐 수 있었어요. 객실은 깨끗하고 시설도 좋았고, 특히 TV에서 틀어져 있던 음악 채널이 기분 좋았네요. 슬리퍼 요청에도 친절하게 대응해주셨습니다. 가격만큼은 괜찮았지만요.","엘리베이터가 없어서 짐 옮기기가 너무 불편했어요. (신발장을 밟고 올라가야 했어요ㅠㅠ) 방도 좁아서 답답했고, 주차도 안 된다는 점이 아쉬웠네요.",0.01,0.06,0.54,0.43,0.18,0.18,"경주, 원효로 52번길 25"
에이치에비뉴 호텔 이대점,서울,"이대역과 신촌역이 가까워서 교통이 편리했고, 근처 다른 숙소들보다 가격 대비 만족도가 높았어요. 정말 좋은 위치에 가성비까지 훌륭했네요!","엘리베이터에서 화장실 냄새가 심했고, 샤워 수압이 약해서 불편했어요. 침대에 누우면 센서등이 계속 켜져서 잠 못 이룰 정도였습니다.",0.01,0.03,0.28,0.26,0.12,0.08,"서울, 마포구 신촌로 152"
헤르츠 호텔,서울,"종로3가역 바로 앞 낙원상가 뒤편에 위치해 교통이 편리하고, 출장이 잦은 저에게 가성비 최고의 호텔입니다. 위치가 정말 좋아서 자주 이용하는 곳이에요. 가격 대비 만족스러운 숙박이었지만, 욕실 천장의 곰팡이가 눈에 띄었어요.",청소가 제대로 안 된 것 같아 아쉬웠습니다. 할인 덕분에 괜찮았지만 욕실 청결도는 개선이 필요해 보여요.,0.04,0.04,0.47,0.31,0.2,0.08,"서울, 종로구 돈화문로11길 44"
호텔 안테룸 서울,서울,"신사동 가로수길 근처라 위치가 정말 좋았어요. 가격 대비 깨끗하고 편안했고, 직원들도 친절해서 좋았습니다. 출국 전 잠깐 묵기에 완벽한 호텔이었어요!","호텔 어메니티는 예뻤지만 불편해서 편의점에서 샴푸 등을 따로 사야 했습니다. 방은 예상했던 대로 좁았고, 특히 키 큰 분들에겐 침대가 작을 수 있어요. 얇고 밝은 커튼 때문에 안대를 착용해야 잠을 잘 수 있었습니다.",0.02,0,0.51,0.32,0.23,0.13,"서울, 강남구 신사동 도산대로 153"
레니스호텔 서면,부산,"서면역이 바로 코앞이라 위치가 최고였어요! 방도 엄청 넓고, 밥 먹을 수 있는 테이블까지 있어 편했고요. 욕조에서 긴장 풀며 목욕하니 피로가 싹 풀리더라고요. 헤어 드라이기도 있었고, 쇼핑 후 쉬기에 정말 좋았습니다. 더블베드라 넓고 좋았지만, 수건은 넉넉하게 제공되어서 전체적으로 만족스러운 숙박이었네요.","화장실 문이 유리문이라 안 잠기는 점이 불편했어요. 넷플릭스 계정도 4명이서 이용하기엔 부족했구요. 룸 변경 요청은 거절되었지만,",0.04,0.06,0.54,0.46,0.25,0.14,"부산, 부산진구 중앙대로691번가길 24-9"
호텔 인 나인 강남,서울,코엑스랑 봉은사역이 바로 옆이라 이동하기 편했어요. 직원분들도 친절하셨구요. 덕분에 편안하게 머물다 왔습니다. TV는 넷플릭스나 유튜브 시청이 가능했습니다.,"샤워젤 펌프가 고장 나서 직접 수리해야 했고, 드라이기는 이물질이 묻어 있었고 전선에 테이프로 임시 수리한 흔적이 있어 위험해 보였습니다. 세면대에서 드라이기를 사용해야 했고,",0.02,0,0.33,0.23,0.15,0.08,"서울, 강남구 영동대로 618"
해운대 센텀 호텔,부산,"벡스코와 센텀시티 쇼핑몰 이용에 최적의 위치! 친절하고 빠른 응대의 프런트 직원들과 넓은 객실, 편리한 대중교통 접근성까지 모두 만족스러운 호텔이었어요. 가성비도 좋았습니다. 호텔 상가와 주변 편의시설이 잘 갖춰져 있어서 크게 문제되지 않았어요. 다양한 음식점들이 많아서 아침 식사 걱정은 없었답니다.","넓은 호텔이지만 조식당이 없어 불편했지만,",0,0.01,0.19,0.11,0.05,0.04,"부산, 해운대구 센텀3로 20"
해운대 씨클라우드 호텔 레지던스,부산,"지하철역이랑 가까워서 걸어서 4분이면 닿고, 해운대 바다도 바로 앞이라 위치가 정말 좋았어요. 해운대 시장도 가까워서 편리했고, 객실도 넓어서 쾌적하게 잘 지냈습니다. 다음에도 꼭 다시 이용할 거예요!","엘리베이터 환승이 불편했고, 욕실 상태와 조식 뷔페의 질이 가격 대비 떨어졌어요. 전반적으로 아쉬움이 남는 호텔이었습니다.",-0.01,0,0.14,0.12,0.04,0.04,"부산, 해운대구 해운대해변로 287"
해비치 호텔 & 리조트,제주,"해변과 가까워서 정말 좋았어요! 호텔 1층에 생맥주와 편의점이 있어 편리했고, 무엇보다 객실이 깨끗해서 가족들과 바다를 보며 편안하게 힐링할 수 있었답니다. 강력 추천해요!","작년에 성산읍 호텔에 묵었는데, 조식이 아쉬웠어요. 조식만 괜찮았더라면 정말 만족스러운 여행이 되었을 텐데 아쉽네요.",-0.01,0,0.02,0.02,-0.01,0.02,"서귀포, 표선면 민속해안로 537"
해밀톤 호텔,서울,이태원 중심에 위치해 접근성이 뛰어나요. 주변 관광지들을 편리하게 이용할 수 있답니다. 최고의 위치!,"번화가에 있어 밤에는 소음이 심했지만, 2층 객실은 조용했어요. 다만 객실 내 방음은 부족했고, 샤워기 수압도 약했네요.",0.03,0,0.29,0.19,0.15,0.09,"서울, 용산구 이태원로 179"
핸드픽트 호텔,서울,"깨끗하고 편안한 객실과 자연친화적인 어메니티(비누 등)가 좋았어요. 가성비 좋은 비즈니스 호텔로, 하루 숙박에 추천합니다. 위치도 좋고 직원들도 친절했어요.","아침 샐러드 드레싱이 너무 달았고, 직접 만든 듯한 정성은 느껴지지 않았어요. 카펫 때문에 방문이 잘 안 닫히기도 했고, 헤어드라이어 성능도 아쉬웠습니다.",0.02,0.01,0.14,0.11,0.05,0.04,"서울, 동작구 상도로 120"
한지꿀잠,전주,"그런데 이번엔 작은 방까지 예약했더니 객실이 너무 넓고 좋았어요. 가격 대비 만족도는 높았지만,","몇 번 한옥 호텔에 묵었는데, 방이 생각보다 작아서 걱정했거든요. 진정한 한옥의 분위기를 느끼고 싶다면 더 비싼 곳이나 독채 한옥을 추천합니다. 다소 아쉬운 점이 있었네요.",0.05,-0.01,0.35,0.31,0.1,0.05,"전주, 완산구 최명희길 26-41"
한옥 꿈,전주,"한옥마을에 위치해 접근성이 좋으면서도 조용해서 좋았어요. 아담하지만 쾌적한 방과 친절한 사장님 덕분에 편안히 쉬었고, 근처 펍도 있어 편리했습니다. 특히, 아들과 오랜만에 함께 편안한 시간을 보낼 수 있어 더욱 좋았네요.",한옥 특유의 구조 때문에 옆방 소리가 다 들려서 잠 못 이루는 불편함이 있었어요. 아기랑 같이 간 가족에게는 방음이 조금 아쉬웠네요.,0.13,0.01,0.9,0.77,0.44,0.09,"전주, 완산구 향교길 85-11"
한옥혜윰,전주,"고즈넉한 중정이 있는 아름다운 한옥에서 편안히 쉬었어요. 깨끗하고 따뜻한 방은 물론, 아이는 아늑한 다락방에 푹 빠졌답니다! 정말 좋았어요. 평일이라 주차는 편했지만, 주말에는 주차 공간이 부족할 수 있으니 미리 고려하세요. 전반적으로 괜찮았어요.","화장실이 조금 작고 샤워 공간도 좁은 편이지만, 한옥 구조 특성상 감안할 만합니다.",0.18,0.02,0.65,0.71,0.3,0.06,"전주, 완산구 향교길 42-5 (교동)"
한옥인,경주,"강릉역 근처라 접근성이 좋았고, 호텔이 깨끗하고 조용해서 편히 쉴 수 있었어요. 특히 2층 올드락바 분위기가 정말 좋았는데, LP 음악과 신청곡까지 받아주셔서 더욱 즐거웠네요. 친절하고 청결한 서비스도 인상적이었습니다.",술집이 바로 옆에 있어서 밤에 좀 시끄러웠어요. 화장실과 샤워실이 하나뿐이라 사람이 많으면 불편할 수 있을 것 같아요.,0.08,0.01,0.33,0.19,0.24,0.04,"경주, 포석로1050번길 19"
행복한 추억,전주,"혼자 여행하는 거라 숙소 걱정 많았는데, 침대도 너무 편하고 방도 넓어서 정말 좋았어요. 화장실이 두 개나 있어서 더 편했고, 가격 대비 최고였습니다! 강력 추천해요.",욕실 수도꼭지에서 녹물이 나와서 불쾌했어요. 주차장이 좁아 초보 운전자는 주차하기 어려우니 근처 다른 곳에 주차하는 걸 추천합니다.,0.01,0.06,0.25,0.24,0.12,0.06,"전주, 완산구 문화광장로 25"
하모니 호텔,서울,"깨끗하고 편리한 위치 덕분에 가족여행으로 최고였어요! 주변 맛집도 많아서 식사 걱정 없었고, 특히 직원분들이 친절해서 더 기분 좋았네요. 지하철역과 가까워 이동도 편했구요. 가성비는 정말 좋았어요. 늦은 체크인도 문제없었지만,",데스크 직원의 태도는 조금 불친절했네요. 객실 내 취식 금지(컵라면 포함)는 예약 페이지에 명시되지 않아 당황스러웠습니다.,0.06,0.05,0.33,0.29,0.23,0.17,"서울, 강동구 천중로40길 63"
헨나호텔 서울 명동,서울,"지하철역과 가까워서 찾기 편했고, 위치도 좋았어요. 난방도 잘 되고, 화장실과 욕실이 분리되어 편리했어요. 특히 로봇 직원과 공룡 장식이 인상적이었고, 직원들의 친절한 서비스가 기억에 남네요.",칫솔이 없어서 프런트에 문의하려 했는데 아무도 없어 불편했어요. 방이 좁고 청소 상태도 찜찜했네요.,0.09,0.04,0.43,0.29,0.24,0.1,"서울, 중구 명동8가길 59"
신암 헤라 호텔,대구,"동대구역이나 복합환승센터 이용객, 신세계백화점 방문객에게는 무료 간식, 생수, 커피가 제공되니 편하게 이용하세요. 여행 전후 휴식을 취하기에도 좋습니다.","겨울 추위에 난방도 부족했는데, 객실에 담배 냄새까지 진동해서 정말 힘들었어요. 쾌적하지 못한 숙박이었네요.",0,0.06,0.27,0.15,0.15,0.1,"대구, 동구 신암남로 136"
여수 히든베이 호텔,여수,"이순신 광장까지 버스로 편하게 이동할 수 있었고, 가성비 좋은 훌륭한 시설과 멋진 오션뷰가 인상적이었어요. 친절한 직원들과 바다 전망이 아름다운 레스토랑, 깨끗한 시설과 좋은 피트니스 시설까지 완벽했습니다. 정말 뷰가 최고였어요!","싱글베드 매트리스 상태가 너무 낡아 불편했고, 예약 정보와 실제 서비스가 달라 항의 전화를 했는데 직원 응대가 형편없었어요. 결론적으로 다시는 안 갈 숙소입니다.",0.02,0,0.08,0.06,-0.01,0.02,"여수, 신월로 496-25"
힐튼 가든 인 서울 강남,서울,"양재역에서 도보 2~3분 거리라 위치가 정말 좋았어요. 힐튼 가든 인 서울 양재의 패밀리룸은 침대도 넓고 편안해서 가족 모두 편하게 쉬었고, 객실과 욕실도 넓어서 좋았습니다. 특히 넉넉한 방 크기가 가장 마음에 들었어요.","패브릭 의자가 먼지투성이였고, 조식 뷔페의 전은 데워서 낸 듯 맛이 별로였어요. 밥도 좀 퍼석했네요. 전반적으로 호텔 시설 및 음식 품질이 아쉬웠습니다.",0,0.01,0.34,0.33,0.21,0.26,"서울, 서초구 강남대로 253"
힐튼 경주,경주,"황리단길과 고분군 바로 옆이라 위치가 정말 좋았어요! 주변에 먹거리와 쇼핑할 곳도 많고, 직원들도 친절하고 시설도 깨끗해서 편안하게 쉬다 왔습니다. 가성비까지 최고인 훌륭한 호스텔이었네요. 밤늦도록 축제 분위기를 만끽할 수 있는 위치였어요.","신라문화제 기간이라 밤 12시까지 소음이 심했어요. 호텔이 행사장 근처라 조명이 창문으로 들어와 잠을 설칠 수도 있었지만, [POS] 분위기는 좋았습니다.",0.07,0.05,0.6,0.63,0.28,0.17,"경주, 보문로 484-7"
홀리데이 인 익스프레스 서울 홍대,서울,"공항철도 5번 출구 바로 앞이라 이동이 너무 편했고, 맛있는 조식 뷔페도 즐겼어요. 호텔 전체가 깨끗하게 관리되어 있었고요.","호텔이 붐벼서 아침 9시쯤 조식 먹으려니 자리가 없었어요. 샤워실 바닥이 평평해서 물이 넘치고, 휴지 조각도 떨어져 있었네요. 지하철역과 연결되었으면 더 좋았을 텐데… 1박에 20만원이었어요.",0.02,0.02,0.46,0.4,0.17,0.13,"서울, 마포구 양화로 188"
호텔 8 아워즈,서울,"번화가에 위치해 편리했고, 욕실이 따로 분리되어 좋았어요. 가격도 착하고 침구랑 어메니티도 깔끔해서 만족스러웠네요. 특히 직원분들이 친절해서 기분 좋았습니다!","방이 생각보다 좁았고, 온풍기로 난방을 해서 건조했어요. 따뜻하긴 했지만, 밤에 혼자 나가기엔 좀 무서운 위치였습니다.",0.02,0.02,0.49,0.5,0.19,0.21,"서울, 중구 남대문로1길 26-10"
호텔 앨리스 앤 트렁크,제주,"제주시내에 위치해 맛집과 편의시설 이용이 편리했고, 넓고 깨끗한 침대와 좋은 침구 덕분에 숙면을 취할 수 있었습니다. 쇼핑과 관광 명소와도 가까워서 여행하기 정말 좋았어요.","샤워기 수압이 너무 세서 물이 사방으로 튀었고, 방이 어두컴컴하고 난방도 부족했어요. 게다가 비데까지 계속 고장 나서 불편했습니다.",0.01,0.03,0.4,0.32,0.18,0.19,"제주, 연동12길 4"
호텔 아트리움 종로,서울,"네 식구가 묵기에 가격 대비 훌륭했어요! 관광지랑도 가까워서 이동하기 편했고, 정말 만족스러운 여행이었네요. 화장실은 깨끗했지만, 다소 낡은 느낌이었어요.","샤워기 조절 부분이 두 번이나 빠져서 불편했는데, 수리해주시면 좋겠어요.",0.05,0.03,0.39,0.35,0.1,0.18,"서울, 창경궁로 106"
호텔 카푸치노,서울,"언주역과 가까운 편리한 위치에 있고, 로비가 예쁘고 깨끗해서 좋았어요. 맛있는 조식도 제공하고, 강아지 동반 고객을 위한 룸 서비스도 만족스러웠습니다. 호텔은 좋았어요. 겨울엔 다시 생각해봐야겠지만, 다른 계절엔 또 가고 싶어요.",다만 난방이 잘 안 돼서 1층 침대는 너무 더웠다는 점이 아쉽네요.,0.02,0.02,0.3,0.3,0.18,0.11,"서울, 강남구 봉은사로 155"
호텔 크레센도 서울,서울,"선정릉역이랑 가까워서 교통도 편했고, 맥도날드도 바로 옆에 있어서 좋았어요. 호텔 인테리어도 고풍스럽고 깔끔해서 마음에 들었고, 주변에 한정식집이나 카페도 많아서 다음에도 또 오고 싶네요.","호텔이라고 하기엔 방이 너무 좁아서 여행용 캐리어도 펼칠 공간이 없었어요. 모텔을 호텔로 허가받은 것 같은 느낌이었고, 솔직히 좀 실망스러웠습니다. 좁은 방 크기 때문에 불편함이 많았어요.",0.01,0,0.39,0.35,0.17,0.14,"서울, 서울특별시 강남구 봉은사로 428"
호텔 DM,서울,"동묘역 근처 조용한 곳에 위치해 대중교통 이용도, 자가용 이용도 편리했어요. 주변에 저렴하고 다양한 식당이 많아 친구들과 1박하기에 좋았고,","버스 정류장 계단이 높고 수건이 조금 부족했던 점만 빼면 만족스러웠습니다. 침구는 좀 아쉬웠지만 전반적으로 가성비 좋은 숙소였어요. 방음은 외부 소음은 차단했지만, 내부 소음은 심했어요. 어두컴컴하고 저렴한 모텔 분위기였고, 새벽 4시 반에 옆방 캐리어 소리에 잠을 깰 정도였습니다. 결론적으로, 숙면을 취하기엔 부족했습니다.",0.02,0.07,0.36,0.3,0.28,0.12,"서울, 종로구 난계로29길 73"
호텔 그레이스리 서울,서울,"시청, 명동, 남대문이 가까워 출장이나 여행 모두 편리하고, 아시아풍 조식이 인상적이었어요.","다만, 욕실 상태가 조금 아쉬웠네요. (샤워 부스 상태가 애매했어요) 욕실이 좁고 샤워기가 욕조 위에 없어서 세면대 물을 받아 써야 하는 불편함이 있었지만, 짧은 여행이라면 괜찮을 만해요. 좁은 욕실이 조금 불편했지만, 잠깐 머물기엔 나쁘지 않았습니다. 다소 불편한 욕실 구조(좁고 샤워 시설이 다소 부족)에도 불구하고, 짧은 기간 숙박에는 무리가 없었습니다.",0.05,0.02,0.59,0.46,0.27,0.2,"서울, 중구 세종대로12길 12"
호텔 인피니,서울,"올림픽공원 공연 관람과 석촌호수 산책에 최적의 위치! 주차도 편리하고 지하철역과 가까워 접근성이 좋았어요. 주변 편의시설도 어느 정도 갖춰져 있고, 호텔 자체도 깨끗해서 만족스러웠습니다.","큰길 바로 옆이라 처음엔 차 소리가 좀 시끄러웠지만, 밤에는 조용해졌어요. 친구랑 갔는데 화장실 변기 가림막이 반투명이라 살짝 민망했고, 문도 불편했네요. 욕조가 너무 커서 사용하기 불편한 점도 있었어요.",-0.01,-0.01,0.13,0.13,0.06,0.02,"서울, 송파구 백제고분로 268"
호텔 인터불고 대구,대구,"코로나 이후 오랜만의 가족여행 겸 출장이었는데, 금호강이 보이는 멋진 전망과 푹신한 침구, 시원한 샤워시설까지 완벽했어요. 강변에 위치해서 산책하기에도 좋았고 접근성도 좋아서 정말 만족스러웠습니다.",주차장이 건물과 연결되지 않아 별도 요금을 내야 했던 점이 아쉬웠어요. 2인 이상 투숙객에게는 2층 객실 의자가 하나뿐이라 불편할 것 같아요.,-0.01,0.05,0.07,0.09,-0.03,0,"대구, 수성구 팔현길 212"
호텔 케니 여수,여수,"여수 여행 중 가성비 좋은 숙소를 찾았어요! 교동시장, 이순신광장은 걸어서 다닐 수 있을 만큼 위치도 좋았어요. 버스도 자주 다녀서 터미널까지도 편하게 이동했네요. 방 크기는 넓진 않지만 가격 생각하면 괜찮았고요.","화장실은 조금 작지만 불편함 없었고, SUV는 호텔 주차장이 아니라 밖에 주차해야 해서 뜨거운 햇볕 아래 걸어야 했어요. 다만 샤워기 바로 옆에 휴지걸이가 있어서 위치 변경이 필요해 보였습니다.",-0.04,0,0.04,0.04,0.01,-0.03,"여수, 충무로 54-2"
호텔 국도,서울,"역과 가까워 편리했고, 1층 편의점도 이용하기 좋았어요. 직원분들이 친절하게 카카오택시 이용까지 도와주셔서 감사했고, 버스 정류장도 가까워서 이동이 편했습니다. 정말 좋은 위치였어요!","욕조에 붙어있는 샴푸, 컨디셔너가 사용하기 불편했고, 수압이 약해서 조금 불안했어요. 다른 방 청소 소리 때문에 조금 일찍 깼지만, 그것 말고는 괜찮았습니다.",0.02,0.03,0.37,0.3,0.15,0.08,"서울, 중구 을지로 164"
르몽호텔,서울,"서울 시내 중심에 있어 편리하고, 맛있는 조식도 제공돼요. 여러 명이 함께 묵기에도 좋고, 가격 대비 만족도가 높아 서울 여행에 추천할 만한 곳입니다.",501호 침대 바로 옆에 블라인드만 달린 화장실이 있어 불편했습니다. 욕조 샤워기 사용 중 물이 거실로 새어 나와 더욱 곤란했어요. 시설 관리가 미흡했던 점이 아쉬웠습니다.,0.03,0.03,0.68,0.66,0.29,0.19,"서울, 종로구 종로16길 28"
호텔 레스,서울,"김해에서 인천 가는 비행기가 결항되는 바람에 급하게 잡은 호텔인데, 서울역이랑 진짜 가까워서 교통이 너무 편했어요.  게다가 교육장이랑도 가까워서 좋았습니다.","런던 중심가의 작은 호텔답게 방이 다소 좁고, 마감 상태가 아쉬웠어요. 세탁실은 있지만 이용객이 거의 없었네요.",0,0,0.44,0.27,0.17,0.15,"서울, 중구 세종대로 24-1"
호텔 미도 명동,서울,"회현역 1번 출구에서 3분 거리라 접근성이 좋았고, 남대문시장과 명동도 걸어서 충분히 다녀올 수 있었어요. 직원분들도 친절해서 기분 좋았네요.","욕실이 변기 바로 옆에 있어서 좀 불편했고, 칸막이가 있으면 좋겠어요. 에어컨 바람이 약하고 소음도 커서 잠 못 이룰 수도 있어요. 방음도 잘 안 돼서 밖 소리가 다 들렸어요.",0.05,0.01,0.51,0.5,0.14,0.22,"서울, 중구 퇴계로10길 22"
호텔 마누 서울,서울,"서울역과 가까워 공항철도 이용에 편리했고, 객실 상태도 깨끗하고 좋았어요. 친절한 직원들 덕분에 1박이 편안하고 만족스러웠습니다. 깔끔한 시설과 편리한 교통, 친절한 서비스까지 완벽한 호텔이었어요! 비 오는 날은 숙소까지 택시 타는 게 편해요. 날씨 좋을 때는 걸어서 가는 것도 좋지만 비가 오면 택시 추천드립니다.",걸어가려면 비를 흠뻑 맞을 수 있어요.,0.02,0,0.33,0.18,0.11,0.04,"서울, 중구 퇴계로 19"
호텔 미드시티 명동,서울,"객실은 깨끗하고 침구도 편안해서 좋았어요. 명동, 광화문, 청계천 등 주요 관광지와 가까워서 위치도 최고였고, 난방도 잘 돼서 따뜻하게 쉬었답니다. 다음에 또 이용하고 싶을 정도로 만족스러웠어요!","4명이서 묵었는데, 테이블이 없어서 다 같이 앉아 있기 불편했어요. 옥상 가는 길도 못 찾았고요. 2018년에 예약했는데 객실 업그레이드는 없어서 실망이었네요.",0.06,0.06,0.6,0.52,0.26,0.19,"서울, 중구 다동길 30"
호텔밀리오레,서울,"호텔 위치가 좋고 전망도 훌륭해서 교통편 이용도 편리했어요. 프런트 직원분들이 친절하고 객실 청소도 깨끗하게 잘 해주셨습니다. 가성비 최고였고, 특히 뷰가 정말 마음에 들어서 파트너와 또 방문하고 싶을 정도였어요.","방이 너무 좁았고, 조식도 없어서 아쉬웠어요. 게다가 너무 추워서 전기장판도 없이 떨면서 밤을 샜네요.",0,0,0.18,0.08,-0.02,0.02,"서울, 중구 장충단로 263"
호텔 모닝스카이,서울,"을지로4가역과 충무로역에서 가까워서 편리했어요. 출장으로 5일 동안 머물면서 택배를 못 보내 걱정했는데, 호텔 측에서 친절하게 물품 보관과 대신 발송까지 도와주셔서 정말 감사했습니다.  덕분에 출장을 잘 마칠 수 있었어요. 지하철역과 가까워 교통은 편리했지만, 에어컨 소음 때문에 숙면을 취하기 어려웠어요.","객실이 다소 추웠고, 신발장에서 냄새가 났으며, 주변 공사장 소음과 약간의 외부 소음도 있었네요. 어메니티로 바디로션과 클렌징폼 추가, 휴지도 더 준비해주시면 좋겠어요.",0.03,0.03,0.52,0.4,0.28,0.18,"서울, 중구 퇴계로 45길 32-37"
호텔 나포레,서울,"종로3가역과 청계천 산책로가 가까워 위치가 정말 좋았어요. 객실과 욕실도 넓고 깨끗했고, 무엇보다 조용해서 편히 쉴 수 있었답니다. 서울 도심에 위치하면서 가성비까지 훌륭한 곳이었어요! 아이는 숙소를 무척 좋아했답니다.","폭염 속에 역사에서 숙소까지 꽤 먼 거리를 더운 골목길을 헤쳐 걸어가느라 힘들었어요. 길찾기가 어려워 애먹었지만, 다만 아침식사가 조금 아쉬웠네요.",0.03,0.05,0.48,0.43,0.18,0.15,"서울, 종로구 수표로18가길 17"
호텔 나루 서울 - 엠갤러리,서울,발렛부터 직원들의 친절함이 돋보였어요. 한강 뷰 룸까지 배정받아 정말 편안하고 즐거운 시간을 보냈습니다. 최고의 서비스였어요!,"엘리베이터를 타고 올라가는데 키가 없어서 1층 직원에게 도움을 요청했지만, 일행을 꼭 불러야 한다는 답변만 들었습니다. 일행이 씻고 있어서 연락이 안 된다고 설명했지만, 결국 20층 데스크까지 가서 키를 재발급 받아야 했습니다. 새로 오픈한 호텔이라 그런지 시스템이 아직 미흡한 것 같았습니다.",0.01,0,0.3,0.5,0.23,0.32,"서울, 마포구 마포대로 8"
호텔 피제이 명동,서울,"시내에 위치해 맛집과 관광지 접근성이 좋고, 깨끗하며 가성비까지 훌륭한 호텔이에요. 3명이서 호캉스 즐기기에 완벽한 곳이었답니다! 강력 추천해요.","조식을 먹으러 3층에 있는 식당에 갔는데, 건물 바로 옆 고가도로 때문에 평일엔 지나다니는 사람들과 눈이 마주칠 수도 있겠더라고요. 뷰가 다소 특이했어요.",0.01,0,0.42,0.36,0.2,0.15,"서울, 중구 마른내로 71"
호텔 포코 성수,서울,"지하철역이 바로 앞이라 이동이 편하고, 근처에 카페 등 편의시설도 많아 좋았어요.","다만, 지하철 소음이 조금 들렸습니다. 성수동 핫플레이스라 그런지 밤늦도록 술 마시고 시끄러운 손님 때문에 잠 못 이뤘어요. 옆방 소음이 심했고, 방에 책상이 없어 불편했네요. 숙면을 취하기엔 조금 아쉬웠습니다.",0.02,0.01,0.25,0.18,0.07,0.1,"서울, 성동구 성수이로 96"
호텔 파크하비오,서울,"워터파크 갔다가 숙박했는데, 방 문 열자마자 바로 침대가 있어서 좀 놀랐지만, 나머지는 편안하고 좋았어요. 전반적으로 만족스러운 숙박이었습니다.","욕실 문이 제대로 닫히지 않아 룸과 완전히 분리되지 않았고, 욕실에서 담배 냄새가 심하게 났습니다. 또한, 욕조 배수가 잘 안되어 바닥이 물에 흥건했고, 여러 장의 타월을 깔아야 했을 정도였습니다.",-0.01,0,0.09,0.07,0.02,0,"서울, 송파구 송파대로 111"
호텔 파크 힐 명동,서울,"직원들이 친절하고 숙소도 깨끗해서 좋았지만, 기대보다 아쉬운 점이 많았어요. 다만 역사 소설과 관련된 다양한 경험을 통해 많은 것을 배우고 느낄 수 있었던 점은 인상적이었습니다.",와이파이 속도가 너무 느려서 동남아시아 호텔보다도 못했어요. 호텔 입구 골목길에서 심한 악취가 났습니다. 위생 상태가 좀 아쉬웠네요.,0.08,0.02,0.36,0.2,0.08,0.07,"서울, 중구 퇴계로 12길 39-8"
호텔 페이토 강남,서울,"양재역에 가까워 식당과 카페 이용이 편리하고, 직원들이 친절해서 좋았어요. 가성비가 좋아 작년부터 출장 때마다 애용하는 곳입니다. 위치도 정말 좋네요!",트윈룸은 문 쪽 침대에서 움직이기만 해도 센서등이 계속 켜져서 불편했어요. 엘리베이터가 두 대뿐이라서 기다리는 시간이 좀 길었고요.,0.04,0.05,0.33,0.2,0.2,0.03,"서울, 서초구 강남대로 259"
호텔 페이토 삼성,서울,"삼성역, 봉은사역, 수서역 모두 도보 또는 가까운 거리에 있어 편리했고, 코엑스 근처라 업무 보기에도 최고였어요. 위치가 정말 마음에 들었네요!","새벽에 시끄러워 잠을 설쳤어요. 좁은 방에 수건 걸 곳이 없어 불편했고, 수건도 교체가 필요해 보였습니다. 휴식 외 다른 활동은 어려울 정도로 방이 좁았어요.",0.02,0.01,0.31,0.19,0.17,0.08,"서울, 강남구 테헤란로 87길 9"
파로스호텔,서울,"지하철역과 버스정류장이 가까워 교통이 편리하고, 주변에 먹거리와 편의점도 많아서 좋았어요. 호텔 찾기도 쉬웠고, 객실도 깨끗하고 쾌적해서 야구장 갈 때마다 이용하는 곳입니다. 강력 추천해요! 주차는 편리했지만,",화장실이 너무 불편했습니다. 문이 없고 샤워 공간도 좁아서 샤워커튼도 없으니 민망했어요. 구조상 어렵다면 커튼이라도 설치했으면 좋겠네요.,0.02,0,0.33,0.28,0.18,0.1,"서울, 송파구 올림픽로10길 5"
호텔 프레지던트,서울,"위치도 좋고 시설도 훌륭해서 편리하게 이용했어요. 직원분들이 친절하고 서비스도 빨라서 좋았지만, 전반적으로 청결하게 관리되고 있었어요.","객실 인테리어는 다소 오래된 느낌이었습니다. 밤새도록 추위에 떨었고, 윗층과 외부 소음, 끊임없이 들리는 수도 소리 때문에 잠 못 이룬 밤이었습니다. 샤워실 배수도 불편했어요. 결론적으로, 숙면을 취하기엔 너무 시끄럽고 추웠습니다.",0.01,0.03,0.36,0.29,0.1,0.08,"서울, 중구 을지로 16"
호텔 프린스 서울,서울,"명동 한복판에 위치해서 쇼핑하기에도, 다른 곳으로 이동하기에도 정말 편리했어요. 최고의 위치였습니다! 호텔 위치가 대중교통 이용에 편리해서, 자가용이 없어도 불편함 없이 숙박할 수 있어요. 특히 외국인 관광객에게 추천합니다.",,0.03,0.05,0.41,0.26,0.17,0.09,"서울, 중구 퇴계로 130"
호텔 루136,서울,"호텔 위치는 좋았지만 주차비가 다소 비쌌어요. 하지만 건물과 객실 관리 상태가 매우 좋았고, 넓은 주차장과 큼지막한 욕조, 쾌적한 객실까지 기본적인 시설도 잘 갖춰져 편리했습니다. 특히 방음도 잘 되어 조용하게 쉴 수 있었어요. 그 외에는 괜찮았습니다.","광화문에서 약간 거리가 있지만, 넷플릭스와 유튜브를 볼 수 없어 아쉬웠어요.",0.06,0.06,0.29,0.34,0.11,0.14,"서울, 은평구 진흥로 136"
호텔 리젠트 마린 더블루,제주,슈피리어 킹 빌리지 룸은 침대도 넓고 객실도 넓어서 정말 편하게 쉬었어요. 깨끗하고 관리도 잘 되어 있었구요. 성산일출봉은 시내 버스 타고 금방 다녀왔습니다.,"서귀포 지역 경기 침체의 영향으로 호텔 시설 관리가 부족했어요. 특히 테니스 코트는 보수가 필요해 보였고, 야외 수영장은 이용하지 못해 아쉬움이 남았습니다.",-0.02,0,0.08,0.11,-0.01,0.09,"제주, 서부두2길 20"
호텔 스카이파크 센트럴 명동점,서울,"명동에 위치해 교통이 편리하고, 직원들이 친절해서 좋았어요. 객실도 조용하고 깨끗하게 관리되어 편안히 쉴 수 있었답니다. 다음에도 또 이용하고 싶어요!",조식이 부족해서 아쉬웠어요. 직원(매니저)의 응대도 좋지 않았고요. 세 식구(미취학 아동 포함)가 3박 이상 묵었는데 불편했네요.,0.02,0.02,0.39,0.23,0.14,0.07,"서울, 중구 명동9길 16"
호텔 스카이파크 동대문 1,서울,"지하철역과 가까워서 이동이 편리했고, 가격 대비 만족스러운 숙소였어요.  가성비 최고! 커피는 설탕이나 우유 없이 깔끔했지만,","침구류 청결도는 아쉬웠어요. 주차가 불가능해서 근처 유료 주차장(시간당 4800원)을 이용했는데, 주차비까지 생각하면 다른 호텔을 고려하는 게 나을 것 같아요. 주변 주차 공간도 부족해서 불편했습니다.",0.03,0.01,0.37,0.28,0.2,0.12,"서울, 중구 동호로 335"
호텔스카이파크 킹스타운 동대문,서울,"성동공고 국가고시 보러 가시는 분들께 최고의 위치! 역 바로 앞이라 교통 편하고, 주변에 먹을 곳, 볼 곳, 편의시설도 풍부해요. 특히, 주차장이 넓은 아울렛과 함께 이용 가능해서 정말 편리했어요.","호텔 입구 찾기가 어렵고, 편의점 직원이 무뚝뚝해서 불편했어요. 냉장고 성능도 좋지 않아 가격 대비 만족도가 낮았습니다. 트윈 레지던스는 외국인 고객 응대에 대한 개선이 필요해 보여요.",0.01,0,0.3,0.2,0.13,0.1,"서울, 중구 장충단로13길 20"
호텔 스카이파크 명동 1호점,서울,"역과 가까워 위치가 좋았고, 가격도 착했습니다. 호텔 대표가 직접 조식을 챙겨주는 모습이 인상적이었어요. 간단하지만 맛있고 깔끔한 조식도 만족스러웠습니다.","명동에 위치한 건 좋았지만, 객실이 생각보다 너무 좁아서 아쉬웠어요. 좁은 공간 때문에 불편함을 느꼈습니다.",0.02,0.03,0.47,0.33,0.24,0.13,"서울, 중구 명동8나길 15"
호텔 스카이파크 명동 2호점,서울,"명동 야시장 바로 옆이라 밤늦도록 놀다 편하게 숙소에 돌아와 쉴 수 있었어요. 쇼핑 후 짐을 놓고 다시 나갈 수 있어서 체력적으로도 좋았고요. 직원분들도 친절하셨고, 짐까지 택시까지 함께 옮겨주시는 세심한 배려까지!","여행으로 인해 시차 적응이 안 돼서 시간 가늠이 어려웠어요. 디럭스룸으로 업그레이드하면 창문이 있을까요? (질문이지만, 창문 유무에 대한 암시적인 불만을 담고 있으므로 부정적)",0.02,0.01,0.36,0.27,0.16,0.07,"서울, 중구 명동9길 22"
호텔 스카이파크 명동 3호점,서울,"명동역 9번 출구 바로 앞이라 위치가 최고였어요! 가격 대비 조식도 꽤 괜찮았고, 심지어 라면까지 있어서 외국인들에게도 인기가 많을 것 같아요. 정말 편리하고 좋았습니다!","명동에 위치한 호텔이라 옆 건물이 바로 보이는 점이 아쉬웠어요. 외출 시 방 청소와 어메니티 보충이 좀 더 신속했으면 좋겠고, TV 채널 수가 적다는 점과 와이파이, 방음도 개선이 필요해 보입니다.",0.02,0.02,0.38,0.29,0.23,0.13,"서울, 중구 퇴계로 139"
호텔 강남 스타,서울,"역삼역 바로 앞이라 위치가 정말 좋았어요! 침대도 푹신하고 깨끗해서 편안했고, 욕실도 넓고 모든 게 깔끔하게 관리되어 있었답니다. 시설은 최신식은 아니지만 불편함 없이 잘 지냈어요.",목욕탕 환풍기 고장이 너무 아쉬웠어요. 화장실에 비데도 없었구요. 전반적으로 쾌적하지 못한 점이 몇 가지 있었습니다.,0,0.01,0.27,0.19,0.1,0.08,"서울, 강남구 논현로87길 17"
호텔 더 디자이너스 동대문,서울,"동대문 역사공원역 근처라 위치가 정말 좋았고, 동대문 요코인보다 저렴해서 가성비 최고였어요!","방 상태는 조금 아쉬웠지만, 가격 생각하면 충분히 만족스러웠습니다. 몇몇 객실은 벽 페인트가 벗겨지고 천장 마감재가 떨어지는 등 수리가 필요해 보였어요. 개인 위생용품도 준비되어 있었으면 더 좋았을 것 같네요.",0,0.01,0.15,0.03,0.03,0.04,"서울, 중구 퇴계로 306"
호텔 더 디자이너스 LYJ 강남 프리미어,서울,"신논현역 근처라 편리하고, 맛집도 많아서 좋았어요. 가격 대비 만족스러웠고, 직원분들도 친절하셨네요. 침대도 편안하게 잘 잤습니다.",호텔 홍보에 나왔던 사우나와 Desert39는 운영하지 않아 실망스러웠어요. 화장실 문이 삐걱거리고 물이 잘 안 내려가는 데다 담배 냄새까지 심했네요. 전반적으로 화장실 상태가 좋지 않았습니다.,-0.01,-0.02,0.14,0.14,0,0.05,"서울, 강남구 봉은사로 113"
호텔 더 디자이너스 서울역,서울,"남산타워가 한눈에 들어오는 멋진 뷰와 서울역과의 편리한 접근성이 최고였어요! 기찻길과 남산 풍경도 정말 아름다웠고, 맛있는 조식까지 완벽했네요. 무엇보다 24시간 체크인/체크아웃이 가능해서 너무 편리했고, 직원분들도 친절하셨습니다.","가격이 다소 부담스러웠지만, 싱글침대 두 개 놓인 객실은 저층이라 도로 소음이 신경 쓰였어요. 특히 암막커튼 효과가 미흡해서 늦잠 자기가 어려웠네요.",0.02,0.01,0.42,0.34,0.17,0.17,서울 용산구 한강대로 305
호텔 토마스 명동,서울,"고궁, 마술관, 시장 등 관광지와 지하철역 접근성이 좋아 위치가 최고였어요. 직원들도 친절하고 조식도 제공해서 가성비 좋았고, 근처 맛집도 많았습니다. 걸어서 광화문, 청계천, 시청, 명동까지 갈 수 있을 정도로 교통도 편리했어요.","가족여행으로 차를 가져왔는데, TV가 너무 작고 화질이 좋지 않아 아쉬웠어요. 샤워기가 고정식이라 불편했고, 큰 고정형 샤워기가 있으면 더 좋을 것 같아요.",0.03,0.03,0.51,0.43,0.24,0.18,"서울, 중구 세종대로16길 26"
호텔 탑스텐,강릉,"겨울 바다를 바라보며 낭만적인 시간을 보냈어요. 호텔 바로 앞 식당가와 카페 덕분에 편리하게 먹고 쉬었고, 특히 송*비 직원분의 친절함이 기억에 남네요. 정말 즐거운 여행이었어요!",복도나 다른 방에서 소리가 나면 현관 센서등이 계속 켜져서 잠을 설칠 정도로 불편했습니다. 객실 문을 닫아도 소음에 민감하게 반응하더라고요. 숙면을 취하기 어려웠어요.,-0.01,0,0.02,0.02,0,0,"강릉, 강동면 헌화로 455-34"
유리앤 호텔,서울,"코엑스 출장객에게 최고의 위치! 주변에 식당과 편의점이 많아 편리하고, 가격까지 착해서 정말 만족스러웠어요. 위치가 정말 최고의 장점이었네요.","침대 바로 옆에 TV가 있어서 불편했지만, 가성비는 정말 좋았어요. 치약은 없으니 챙겨가시는 게 좋고, 나머지는 다 만족스러웠습니다.",0.01,0.01,0.26,0.16,0.16,0.08,"서울, 강남구 삼성로96길 20"
베뉴지 호텔 서울,서울,"직원들이 친절하고, 청계천이 바로 보이는 멋진 뷰가 매력적이었어요. 지하철역도 가까워서 종로, 을지로 관광 다니기에 최고의 위치였습니다. 강추!","호텔 청결 상태가 너무나 불만족스러웠습니다. 화장실은 머리카락과 털이 발견될 정도로 더럽고, 방에는 날벌레까지 있었어요. 침대 밑에는 쓰레기와 헌 슬리퍼까지 방치되어 있었고, 욕실 커튼도 없어 불편했습니다.",0.07,0,0.54,0.41,0.28,0.17,"서울, 종로구 청계천로 117"
호텔 베르트,서울,깨끗하고 편안한 침구와 아늑한 인테리어가 인상적이었어요. 조용하고 편안한 분위기라서 정말 좋았습니다. 전반적으로 깔끔하고 만족스러운 숙박이었습니다.,객실이 너무 건조해서 가습기가 필수였어요. 특히 외부에서 차가운 공기가 들어와 더욱 심했어요. 가습기 없이는 숙박하기 힘들 정도였습니다.,0.02,0.03,0.45,0.45,0.23,0.14,"서울, 중구 명동7가길 22"
호텔 윈스토리,제주,호텔에서 올레시장까지는 걸어서 7~10분 정도면 충분해요. 근처 맛집도 많아서 시장에서 간식이나 식사를 사다가 호텔에서 편하게 먹을 수 있었어요. 정말 편리하고 좋았습니다!,"샤워기 수압이 세긴 했지만 각도가 불편해서 사용하기 어려웠어요. 엘리베이터가 느린 편이었지만, 호텔 바로 앞에 주차 공간이 많아서 주차는 문제 없었네요. 다만, 수건 상태가 낡은 게 좀 아쉬웠습니다.",0.01,0.07,0.31,0.2,0.15,0.11,"서귀포, 서귀포시 중정로 11"
호텔 위드 제주,제주,"공항과 가까워서 좋았고, 발렛파킹까지 해줘서 편하게 이용했어요. 깨끗하고 깔끔한 온돌방에 묵었는데, 가격 대비 정말 만족스러운 숙소였습니다. 부킹닷컴 특가로 예약해서 더욱 알뜰하게 이용했네요!","출장으로 묵었는데, 방이 너무 어두워서 업무 보기가 힘들었어요. 옆방 소음도 심하게 들려 숙면을 취하지 못했고요. 주차 안내도 불친절해서 혼란스러웠습니다.",-0.01,0,0.1,0.08,0.07,0.02,"제주, 노연로 34"
호텔 연,제주,객실은 깨끗하고 시설도 최신식이라 좋았어요. 조식으로 과자와 컵라면까지 제공되어 감동이었고요! 특히 오션뷰 객실에서 바라본 발코니 풍경은 사진 그대로 아름다웠습니다.,"서귀포 시내까지 걸어가기엔 거리가 멀고, 호텔 전기차 충전시설까지 고장나서 불편했습니다. 욕조 없는 샤워실과 디럭스트윈룸 부재도 아쉬웠고, 화장실 청결도도 다소 미흡했습니다. 전반적으로 위치와 시설 면에서 개선이 필요해 보입니다.",0.05,-0.01,0.79,0.72,0.3,0.35,"서귀포, 솔동산로22번길 17-2"
호텔 브릿지 서귀포,제주,"서귀포올래시장이랑 가까워서 위치가 정말 좋았고, 럭키상회라는 식당 이용하면 디저트도 주더라고요! 가성비 최고였어요. 특히 조식 뷔페가 훌륭했습니다.","주차장이 너무 좁고 진출입도 불편했어요. 방음도 잘 안 돼서 시끄러웠고, 낡은 가구와 벽면 곳곳이 훼손되어 있었습니다.",0.01,0.03,0.33,0.24,0.14,0.11,"서귀포, 태평로 436"
호텔28 명동,서울,"명동 한복판에 있는 4~5성급 호텔이었는데, 가격 대비 정말 훌륭했어요. 시설도, 서비스도 기대 이상이었고, 특히 직원분들이 친절해서 다리미 같은 요청에도 바로 응대해주셨답니다. 정말 즐거운 서울 여행이었어요!","침대가 썩 좋진 않았지만, 잠자는 데는 큰 불편함이 없었어요. 가전제품 수준 정도의 편안함이었달까요. 다만, 리뷰 가이드라인에 맞지 않아 자세한 내용은 공개할 수 없네요.",0.12,0.02,0.65,0.63,0.26,0.27,"서울, 중구 명동7길 13"
호텔릿 서울역,서울,"서울역과 남대문 경찰서 바로 옆이라 교통이 정말 편리해요. 주변에 밥집도 많고, 비즈니스 출장에 딱 좋은 깔끔한 방 크기였습니다.","호텔 바로 근처에 늦게까지 하는 편의점이 있긴 한데, 지하도를 건너 건물 맞은편이라 불편할 수 있어요. 밤늦게 이용하기엔 조금 번거로울 것 같네요.",0.03,0.05,0.33,0.18,0.13,0.09,"서울, 중구 후암로60길 11"
하운드 호텔 부산역,부산,"부산역에서 도보 5분 거리라 위치가 좋았어요. 스탠다드 트윈으로 잘못 예약했는데 친절한 프런트 직원분이 더블룸으로 변경해주셔서 편하게 혼자 출장을 마칠 수 있었습니다. 무엇보다 아침 일찍 도착해서 짐을 맡기고, 늦은 체크아웃에도 짐 보관을 무료로 해줘서 정말 편리했어요. 옥상 수영장은 좋았지만, 다만, 샴푸, 컨디셔너, 바디워시는 고급스러운 대용량이라 만족스러웠습니다. 향도 좋고 거품도 잘 나더라고요.",주차타워 때문에 짐 옮기기가 너무 불편했어요.,0.08,0.05,0.55,0.45,0.27,0.42,"부산, 동구 중앙대로236번길 9"
황남관 한옥호텔,경주,"첨성대 바로 앞, 야경이 아름다운 동굴과 월지 산책로와 가까운 구도심에 위치해 있어요. 호텔은 아담하고 깨끗하며, 직원분들이 친절하고 정성스러운 조식까지 제공해 만족스러웠습니다. 강력 추천해요! 게스트하우스 특성을 고려하면 나쁘지 않았습니다.","좁은 방 크기는 아쉬웠지만, 잠만 자는 용도라면 괜찮았어요.",0.08,0.03,0.63,0.64,0.29,0.12,"경주, 포석로 1038"
아이진 호텔,제주,"7월 말 성수기임에도 7~8만 원대로 쾌적한 새 호텔에 묵을 수 있어 정말 좋았어요. 넓은 방과 깨끗한 침구, 시원한 냉방 시스템, 넉넉한 화장실까지 완벽했습니다. 특히 창밖으로 펼쳐지는 멋진 시내 풍경도 잊을 수 없네요.",,0.01,0.03,0.36,0.35,0.24,0.16,"제주, 신대로22길 4"
이비스 앰배서더 부산 시티 센터,부산,"부전역 바로 앞이라 교통이 정말 편리하고, 전포 카페거리도 걸어서 금방이에요. 시내에 있어서 접근성도 좋고, 객실 에어컨도 빵빵했어요. 특히 즉석 와플이 정말 맛있었네요!","조식 뷔페 가격이 좀 비싼데, 음식 퀄리티는 그만큼 좋지 않아 아쉬웠어요. 위치는 서면 중심가랑은 조금 거리가 있고요. 첫 방에서 냄새 때문에 방을 바꿔야 했어요.",0,0.01,0.26,0.2,0.12,0.07,"부산, 부산진구 중앙대로 777"
이비스 앰배서더 명동,서울,"명동 한복판에 있어 쇼핑과 식사가 정말 편했어요. 지하철역과 버스 정류장도 가까워서 접근성이 최고였고, 직원들도 친절했습니다. 위치 하나는 정말 완벽한 호텔이었어요! 객실 배정도 처음엔 잘못됐지만, 직원분들이 신속하게 처리해주시고 친절하게 대해주셔서 감사했습니다.","조식 시간(10시까지)에 9시에 갔는데, 이미 많은 음식이 동나 있었고, 채워지지 않아 아쉬웠어요.",0.04,0.01,0.43,0.32,0.12,0.11,"서울, 중구 남대문로 78"
이비스 스타일 앰배서더 서울 강남,서울,"유명 관광지와 코엑스, 지하철역이 가까워서 이동이 편리했고,  직원들이 친절해서 좋았어요. 주변에 식당도 많아서 편하게 이용할 수 있었네요.","이비스 호텔을 자주 이용하지만, 서울 강남의 높은 물가를 감안하더라도 이번 숙박은 아쉬웠어요. 조식의 시든 야채와 낡은 매트리스, 청소가 부족했던 샤워기까지 불편한 점이 많았습니다. 전반적으로 관리 상태가 좋지 않았어요.",0.02,0.05,0.33,0.31,0.09,0.13,"서울, 강남구 삼성로 431"
임피리얼 팰리스 부티크 호텔 이태원,서울,"위치도 좋고 가격 대비 훌륭했어요. 직원들이 친절해서 더 기분 좋았고, 무엇보다 깨끗해서 편안하게 쉬다 왔습니다.","목요일 밤 지하 클럽의 시끄러운 소음과 진동 때문에 잠을 설쳤어요. 창문 틈새로 찬바람이 들어와 추웠고, 콘센트가 헐거워 충전기가 자꾸 빠지는 불편함도 있었네요. 전반적으로 휴식을 취하기엔 아쉬웠습니다.",0.04,0.02,0.55,0.42,0.26,0.14,"서울, 이태원로 221"
JW 메리어트 동대문스퀘어 서울,서울,"흥인지문이 보이는 아름다운 뷰와 한양도성 산책길이 매력적이어서 이 호텔을 선택했어요. 룸 컨디션도 최고였고, 무엇보다 직원들이 정말 친절해서 기분 좋았어요. 가격 대비 만족도가 매우 높았습니다. 호텔 라운지 직원들은 정말 친절하고 능숙했지만,",로비는 다소 아쉬웠어요. 체크인 데스크 직원들의 친절함은 조금 부족했던 것 같고요. 그리고 2박 3일 동안 김치를 못 먹어서 너무 속상했네요.,0,0.01,0.31,0.38,0.09,0.2,"서울, 청계천로 279"
JW 메리어트 호텔 서울,서울,"외국에서 온 친척분 숙소로 이용했는데, 집 근처라 위치가 정말 좋았어요. 가족끼리 머물기에도 최고였고,  덕분에 모두 만족스러운 숙박이었답니다.","헬스장 이용료와 객실 어메니티가 별도였던 점이 아쉬웠고, 지하 주차장에서 호텔로 가는 길이 백화점을 경유해야 해서 불편했습니다. 화장실 배수구가 막혀있어 불편했으니 개선이 필요해 보입니다.",0.06,0.06,0.22,0.2,0.16,0.05,"서울, 서초구 신반포로 176"
제주센트럴파크레지던스,제주,"제주 시내에 위치해 늦은 시간에도 편리하게 찾아갈 수 있었고, 주변에 걸어서 10분 거리에 다양한 맛집들이 많아서 좋았어요. 술집도 가까워서 차 없이도 편하게 즐길 수 있었답니다.",호텔이 공항과 너무 가까워서 새벽에 택시 잡기가 어려울 수 있다는 점이 불편했습니다. 아침 비행기를 이용하려면 택시를 미리 예약하는 게 좋을 것 같아요.,0.01,0.01,0.27,0.2,0.11,0.11,"제주, 신대로 12길 14"
제주 게스트하우스,제주,"신라호텔 수영장은 정말 최고였어요! 직원분들도 친절해서 편안하게 쉬다 왔고요. 특히 잘 정돈된 산책로가 너무 좋았고, 전반적으로 깨끗하고 관리가 잘 되어 있어서 힐링되는 시간이었답니다.","2박 3일 동안 숙박했는데, 조식과 석식 뷔페는 큰 차이를 못 느꼈어요. 풀사이드 바 직원들은 친절하지 않았고, 테이블과 바닥 청소 상태도 좋지 않았습니다. 수영장 선베드는 향이 좀 더 산뜻했으면 좋겠어요.",0.01,0.03,0.07,0.13,0.06,0.16,"제주, 용화로10길 14"
"조선 팰리스 서울 강남, 럭셔리 컬렉션 호텔",서울,깨끗하고 편안한 객실과 친절한 직원 덕분에 즐거운 호텔 이용이었습니다. 강남 중심에 위치해 주변 편의시설 이용도 편리했어요. 특히 직원들의 친절한 서비스가 인상적이었네요.,조선팰리스 호텔 조식이 유명해서 유료로 이용하려면 7만원이라고 합니다. 가격이 상당하네요.,0,0.04,0.34,0.35,0.07,0.27,"서울, 강남구 테헤란로 231"
정담,전주,"한옥마을 중심에 위치해 접근성이 좋았고, 객실은 깨끗하고 따뜻했어요. 특히 정성 가득한 아침 식사와 친절한 배웅이 인상 깊었네요. 가족과 함께 다시 방문하고 싶을 정도로 만족스러운 숙박이었습니다. 다른 점은 전반적으로 만족스러웠습니다.","복층 구조라 아이들이 정말 좋아했지만, 이불이 다소 무겁고 방 크기가 생각보다 작아 아쉬웠어요.",0.03,0.02,0.56,0.68,0.17,0.07,"전주, 완산구 최명희길 21-4"
케이팝호텔 서울역,서울,"서울역과 공항철도역이 바로 앞이라 이동이 너무 편했어요! 객실도 아늑하고 깨끗했고, 특히 화이트톤 인테리어가 마음에 들었네요. 다음에도 꼭 다시 갈 거예요.","언덕길에 위치한 호텔 옆 건물 공사 소음과 강풍 때문에 잠 못 이룬 밤이었어요. 샤워헤드가 고장 났는데, 다음 날까지 수리되지 않았고 데스크와 연락도 되지 않았습니다. 특히 밤에는 호텔 주변 골목이 위험하게 느껴졌어요.",0.03,0.03,0.21,0.16,0.06,0.07,"서울, 중구 후암로60길 17"
케이팝 레지던스 명동 1,서울,침구가 깨끗하고 편안해서 숙면을 취할 수 있었어요. 깨끗한 침구는 정말 마음에 들었네요.,"다만, 호텔 직원의 태도는 다소 불친절했습니다.",0,0,0.5,0.31,0.12,0.1,"서울, 중구 명동10길 7-7"
카마 호텔,전주,"신시가지와 시내 어디든 편하게 갈 수 있는 최고의 위치였어요! 침대랑 욕실도 깨끗해서 정말 좋았고, 아침엔 토스트랑 커피, 컵라면까지 간단하게 챙겨 먹을 수 있었답니다.","주차 공간이 부족해서 밤에 주차하고 숙소에 머물렀는데, 욕실이 좁아서 불편했어요. 특히 욕조와 변기가 너무 작았고, 욕조가 없어도 될 정도였습니다. 욕실 청소만 좀 더 신경써주시면 좋겠어요.",0.01,0.02,0.3,0.24,0.22,0.15,"전주, 완산구 한두평2길 8-9"
케니스테이 제주 서귀포,제주,제주 올레시장이랑 맛집들 가까워서 위치가 정말 좋았어요! 가격도 착해서 가성비 최고였습니다. 다음 제주도 여행 때도 꼭 다시 갈 거예요!,"수학여행 학생들 때문인지 밤늦도록 시끄러워 잠 못 이룬 밤이었어요. 저렴한 가격에 젊은 여행객이 많아서 그런지 소음이 심했고, 생수 1인 1병 제공이라고 써 있었는데 정작 물 한 병도 없어서 실망스러웠습니다.",0,0.03,0.22,0.16,0.1,0.06,"서귀포, 동문로 42"
켄싱턴호텔 여의도,서울,"여의도에 있어 서울 어디든 편하게 다닐 수 있었고, 특히 조식이 정말 맛있었어요! 뷔페 음식도 종류가 다양하고 맛있었답니다. 1층 로비 인테리어가 예뻐서 아이와 사진 많이 찍었네요.","한강 조망은 기대에 못 미쳤고, 객실 수납공간도 부족했어요. 조식 뷔페는 음식 상태가 좋지 않아 실망스러웠고, 청결 상태에도 문제가 있었네요. 전반적으로 객실 리모델링이 필요해 보입니다.",0.02,0.02,0.17,0.18,0.06,0.06,"서울, 영등포구 국회대로76길 16"
켄싱턴리조트 설악밸리,속초,설악산 자락의 조용한 위치에 속초 중앙시장도 가까워서 최고였어요! 리조트 시설도 깨끗하고 직원분들도 친절해서 정말 편안하게 쉬었네요. 멋진 경치와 산책로까지 완벽한 휴식이었답니다.,"객실에 들어서자마자 호텔만의 특별한 향이 느껴지지 않아 아쉬웠어요. 현관 입구 바닥의 돌이 깨져 있었고, 세면대 배수도 원활하지 않았습니다. 전반적으로 관리가 조금 부족한 느낌이었네요.",-0.01,0,0.07,0.1,0.05,0.02,"속초, 토성면 신평골길 8-25"
켄싱턴호텔 설악,속초,"설악산이 바로 코앞이라 너무 좋았어요! 오래된 호텔 특유의 분위기와 추억이 떠오르는 곳이었고, 아침 식사랑 침구도 정말 만족스러웠습니다. 최고!","객실은 다소 오래되었지만, 청소 상태가 아쉬웠어요. 거미줄과 먼지, 머리카락까지 발견되어 불쾌했고, 유명인 관련 자료들이 너무 많고 낡아서 어수선한 느낌이었네요. 특히 스캔들 관련 자료들은 정리가 필요해 보였습니다.",0.01,0.02,0.37,0.31,0.07,0.14,"속초, 설악산로 998"
코오롱 씨클라우드 호텔,부산,"부산 서면역 바로 근처라 교통이 정말 편했어요. 가격 대비 위치가 최고였고,  덕분에 여행 내내 편하게 지냈습니다.","저녁 시간대에 호텔로 가는 길이 심각한 정체로 매우 힘들었어요. 주변 포장마차 때문에 차 진입도 불편했고, 직원들의 친절함은 다소 부족하게 느껴졌습니다.",0,0,0.53,0.34,0.27,0.19,"부산, 해운대구 해운대해변로 287"
코리아나 호텔,서울,"역시 위치가 최고였어요! 침대도 푹신해서 꿀잠 잤고, 식당도 가격 대비 훌륭했네요. 강추합니다!","일요일 공항버스가 호텔 앞까지 오지 못해 애를 먹었어요. 주차장에서 트렁크 열다가 기스가 났으니 주차는 조심해야 할 것 같고요. 게다가 공사 소음이 심했고, 객실 설비에도 문제가 있어서 확인 요청을 했습니다.",0.01,0.01,0.34,0.27,0.13,0.09,"서울, 중구 세종대로 135"
레스케이프 호텔,서울,"신세계백화점 본점 미디어파사드를 가까이서 볼 수 있어 좋았고, 특히 이예지 매니저님의 친절한 설명과 배려 덕분에 부모님과 5살 아이 모두 즐거운 12월을 보냈습니다. 직원분들 모두 친절했습니다.","화장실이 좀 지저분했어요. 벽에 이물질이 붙어 있었고, 샤워부스와 욕조 상태도 좋지 않았습니다. 청결도에 신경 써주시면 좋겠어요.",0.06,0.03,0.56,0.47,0.19,0.19,"서울, 중구 퇴계로 67"
L7 강남 바이 롯데,서울,"테헤란로 중심에 위치해 코엑스까지는 약간 걸어야 하지만, 선릉역이 가까워 편리해요. 조용하고 깨끗한 숙소를 찾는다면 강력 추천합니다!",아침 식사 마감 시간을 여러 번 재촉해서 기분이 상했어요. 10층 테라스에 흡연 공간이 있으면 좋겠네요.,0.05,0.01,0.44,0.38,0.25,0.19,"서울, 강남구 테헤란로 415"
L7 해운대 바이 롯데,부산,루프탑 야외 수영장은 겨울에도 따뜻한 온수로 운영되어 아이들과 함께 즐기기 좋았어요. 사우나 시설까지 갖춰져 있어서 더욱 만족스러웠습니다. 다른 호텔과 달리 온 가족이 편하게 이용할 수 있는 점이 특히 좋았네요.,,0.05,0.02,0.5,0.41,0.29,0.29,"부산, 해운대구 해운대로570번길 55"
L7 홍대 바이 롯데,서울,홍대 9번 출구 근처 머큐어앰배서더보다 L7호텔이 훨씬 더 트렌디하고 감각적이었어요. 젊은 여행객에게 딱 맞는 최고의 위치에 있는 곳이라고 생각합니다. 서울 여행 중 최고의 선택이 될 거예요!,"수영장 이용료가 패키지에 포함되지 않아 다소 부담스러웠고, 조식이 너무 간단했습니다. 조식 메뉴에 한식 선택지를 좀 더 늘리면 좋겠어요.",0.01,0.01,0.52,0.33,0.2,0.19,"서울, 마포구 양화로 141"
L7 명동 바이 롯데,서울,"명동역 9번 출구 바로 앞이라 위치가 정말 좋았어요. 명동 관광하기에도 최고였고, 특히 요청했던 고층 객실에 남산타워 뷰까지 확보되어 더욱 만족스러웠습니다.","조식 가격이 너무 비쌌고, 종류도 팬케이크밖에 없어서 5일 중 하루만 먹고 나머지는 버렸어요. 뷔페식은 아니더라도, 한식 메뉴가 하나쯤 있었으면 좋았을 텐데 아쉬웠네요. 예약 상황 확인도 좀 늦었던 것 같아요.",0.04,0.02,0.52,0.37,0.25,0.18,"서울, 중구 퇴계로 137"
라베호텔,전주,"전주 출장으로 고심 끝에 예약했는데, 주변에 맛집도 많고 조식도 훌륭해서 정말 좋았어요. 객실도 깨끗하고 관리가 잘 되어 있었고, 가격 대비 만족도가 높았습니다. 강력 추천!","모텔 밀집 지역이라 주차가 다소 불편했고, 어메니티 관리가 아쉬웠습니다. 비누 교체가 매일 이뤄지지 않았고, 사용한 수건과 빗도 바로 치워지지 않아 위생이 조금 걱정됐네요. 다소 불편했던 점들 때문에 가격 대비 만족도는 낮았습니다.",0.04,0.06,0.2,0.19,0.08,0.06,전북 전주시 완산구 한두평2길 8-5
르서울호텔,서울,"명동과 시청역에 가까워 지하철 이용이 편리하고, 주변에 편의점, 카페, 식당 등 편의시설이 풍부해 아이들과 함께 머물기에 좋았어요. 특히 북창동 먹자골목이 가까워 가족 외식하기에도 최고였고, 가성비 좋은 복층룸까지 만족스러웠습니다.","디럭스 패밀리룸은 더블침대 두 개라 성인 4명에겐 다소 좁았어요. 어두운 조명과 부족한 콘센트 때문에 불편했고, 조식은 별도 비용이었답니다.",0.02,0.01,0.54,0.44,0.25,0.13,"서울, 서울특별시 중구 남대문로 1길 56 3층"
롯데시티호텔 김포공항,서울,"김포공항 이용객에게 최고의 위치를 자랑하는 롯데호텔에서 편리하게 숙박했어요. 교통도 좋았고, 특히 조식이 정말 만족스러웠습니다. 다음 김포공항 이용 시에도 꼭 다시 방문하고 싶네요! 호텔 내에서 구매 가능합니다.",칫솔과 면도기는 따로 준비해야 해요.,0.01,0,0.19,0.14,0.07,0.06,"서울, 강서구 하늘길 38"
롯데시티 호텔 구로,서울,"호텔 근처에 식당이 많아서 식사하기 편했고, 조식도 전날 예약하면 21,000원에 저렴하게 먹을 수 있었어요. 매일 친절하게 방 청소도 해주셨어요.","공항버스가 없어 불편했고, 아침식사는 매일 같은 메뉴라 질렸어요. 한식은 메뉴를 더 다양하게 바꿔주면 좋겠네요. 숙박비가 예전보다 올라서 아쉽고, 아침 음식 보온 상태도 개선되었으면 합니다.",0.04,0.02,0.31,0.31,0.18,0.13,"서울, 구로구 디지털로 300"
롯데시티호텔 제주,제주,"롯데시티호텔에서의 모든 경험이 환상적이었어요!  특히 17층 객실의 멋진 전망과 깨끗하고 편안한 객실 관리, 그리고 조식, 수영장, 세탁실 이용까지 모두 완벽했습니다.  가격 대비 최고의 만족도를 느꼈어요.",겨울에는 야외 수영장 이용이 어려워 아쉬웠어요. 그리고 방에서 OTT 서비스를 이용할 수 있었으면 좋겠네요.,-0.01,0.03,0.02,0.03,-0.01,0.02,"제주, 도령로 83"
롯데시티호텔 마포,서울,"롯데호텔 처음 이용해봤는데, 생각보다 훨씬 좋았어요! 샤워부스와 욕조가 함께 있는 욕실이 특히 마음에 들었고, 각 층에 정수기가 있는 점도 편리했지만,","안내 표시가 더 눈에 띄었으면 좋겠어요. 로비 편의점이 점심시간에도 안 열어서 불편했고, 화장실 변기 물이 너무 약해서 휴지도 내려가지 않았어요. 엘리베이터에서 내린 후 방 찾는 것도 쉽지 않았습니다.",0.04,0.02,0.44,0.34,0.21,0.21,"서울, 마포구 마포대로 109"
롯데시티호텔 명동,서울,"청계천이 가까워서 먹거리 즐기고 구경하기에 좋았어요. 쇼핑하기에도 편리했고, 일찍 도착해서 체크인했는데 추가요금 없이 친절하게 처리해주셨어요. 게다가 객실 청소도 깨끗하게 잘 해주셨습니다.","민주화 운동 관련 시위 소음 때문에 조금 시끄러웠지만, 숙소는 전반적으로 괜찮았어요. 다만 방 크기가 조금 더 넓었으면 좋았겠다는 아쉬움이 남네요.",0.04,0.02,0.53,0.44,0.24,0.2,"서울, 중구 삼일대로 362"
라까사 호텔 서울,서울,까사미아 가구가 멋진 호텔이었어요. 주변이 시끄러운데도 방이 정말 조용해서 좋았습니다. 편안하고 고급스러운 분위기였어요.,"아이폰 충전기가 제대로 작동하지 않아 불편했고, 화장실 세면대도 고장 나서 사용하기 힘들었어요. 수리 필요해 보입니다.",0.1,0.02,0.44,0.34,0.18,0.15,"서울, 강남구 도산대로 1길 83"
라한호텔 전주,전주,"전주 한옥마을 바로 앞에 위치해서 찾기 쉬웠어요. 아기와 첫 호텔 이용이었는데, 침대 가드와 가습기는 물론 아기 침대와 욕조까지 대여 가능해서 편리했어요. 조식 뷔페는 한식과 양식 모두 맛있었어요.","전주 여행은 처음이라 크게 불편한 점은 없었지만, 4인실 예약에도 아기 욕조와 침대, 침대 가드가 부족했어요. 유모차 이용 시 정문으로만 출입해야 하는 점도 조금 불편했네요.",0,0.02,0.24,0.22,0.07,0.06,"전주, 완산구 기린대로 85"
라발스호텔,부산,"부산대교가 한눈에 펼쳐지는 환상적인 뷰와 편리한 위치 덕분에 여행 내내 만족스러웠어요. 친절한 직원들과 아늑한 객실, 그리고 바다 전망까지 완벽했습니다! 영도 초입이라 관광지 접근성도 최고였어요.","샤워부스와 화장실이 칸막이만으로 분리되어 있어 샤워 후 화장실 바닥이 젖는 불편함이 있었어요. 와이파이 및 KT 인터넷 연결 상태가 매우 좋지 않아 사용이 어려웠고, 프런트 직원들의 응대도 불친절했습니다. 전반적으로 불편한 점이 많았네요.",0.02,0.05,0.49,0.31,0.16,0.13,"부산, 영도구 봉래나루로 82"
라비타호텔,서울,"청담역 14번 출구 바로 앞이라 위치가 너무 좋았어요! 강남 한복판에 이렇게 저렴한 가격에 깨끗한 호텔이라니 놀랐어요. 특히 침대 세 개 있는 방이 있어서 가족여행에 최고였고, 세면도구, 드라이어, 심지어 샤워가운까지 다 갖춰져 있어 편리했습니다.","방이 너무 추웠어요. 난방을 틀어도 따뜻해지지 않아서 불편했습니다. 샤워호스도 고정이 안 되고 화장실 냄새도 심했는데, 청소도 제대로 안 해줘서 더 힘들었어요. 특히 바닥에 치약 자국이 남아있었던 점이 최악이었습니다.",0.01,0.01,0.18,0.15,0.03,0.12,"서울, 서울시 강남구 영동대로 712"
라이온 관광 호텔,부산,"남포동 자갈치 여행 계획 중이시라면, 호텔 주차장 이용을 추천드립니다!  타워식 주차장이라 편리하고, 직원이 직접 주차를 도와드려요.  덕분에 여행 시작부터 편안하게 즐길 수 있을 거예요.","도심에 위치해서 공사 소음과 오토바이 소음이 심했고, 특히 새벽에 시끄러웠어요. 샤워실 배수도 잘 안 되고 에어컨도 시원하지 않았습니다. 위치가 좋긴 했지만, 소음과 시설 관리 상태가 아쉬웠네요.",0.08,0.04,0.58,0.41,0.33,0.15,"부산, 부산진구 중앙대로691번가길 14-7"
로컬스티치 크리에이터 타운 서교,서울,"젊은층 취향에 맞춘 깔끔한 호텔이었고, 편의시설도 잘 갖춰져 있었어요. 특히 같은 건물 내 상점 이용이 편리했고, 공용 주방이 정말 좋았네요. 헬스장에 필라테스 기구는 물론 인바디까지 있어서 깜짝 놀랐어요! 층고가 높아 답답하지 않았지만,","사무실 개조한 듯 아늑함은 부족했어요. 침구는 조금 아쉬웠고, 욕실 어메니티(솔, 쓰레기통 등)도 부족해서 불편했네요. 조식은 가격 대비 만족도가 낮았습니다.",0.04,0.06,0.47,0.31,0.14,0.24,"서울, 마포구 월드컵북로5길 41"
롯데호텔 제주,제주,"젊고 깔끔한 감성에 공용주방, 헬스장 등 부대시설이 훌륭하고 편리했다.직원분께서 일처리도 빠르시고 친절했습니다.","롯데호텔 금연 정책에도 불구하고 층에서 흡연이 발생했지만, 호텔 측에서 신속하게 복도에 공기청정기를 설치해 불편함 없이 이용할 수 있었습니다.  덕분에 숨쉬기 편했어요. 라세느 뷔페는 가성비가 조금 아쉬웠지만, 객실 정보가 부족해서 아쉬웠어요. 호텔 시설이 다소 오래된 느낌이 들었네요.",0.02,0.03,0.31,0.34,0.13,0.29,"서귀포, 중문관광로 72번길 35"
롯데호텔 서울,서울,"수요라세느 호텔 조식이 맛있었고, 직원들이 모두 친절했습니다. 특히 일식당 직원의 세심한 배려가 인상적이었어요. 신발을 벗고 들어가는 부분까지 신경 써주는 모습이 좋았습니다.",다른 호텔들에 비해 특별히 나은 점은 없어요. 다른 곳도 고려해 보세요.,0,0.01,0.41,0.37,0.14,0.13,서울 중구 을지로 30
롯데호텔 서울 이그제큐티브 타워,서울,"하우스키핑 서비스가 정말 훌륭했어요. 침대와 침구가 너무 편해서 푹 쉬었고, 깨끗하고 좋은 냄새까지 나서 기분까지 좋았습니다. 특히 딥티크 입욕제와 목욕 소금으로 반신욕을 즐길 수 있어서 최고였어요!",아침 7시에 프린트를 해달라는 황당한 요청 때문에 5성급 호텔에 우산이 없다는 말을 들었어요. 믿을 수 없었어요. 장우산 하나 없다니요!,0.04,0.02,0.43,0.5,0.17,0.21,서울 중구 을지로 30
롯데호텔 월드,서울,포켓몬 테마로 꾸며진 숙소가 너무 귀엽고 아기자기해서 좋았어요. 4명이서 편하게 머물 수 있는 넉넉한 공간도 마음에 들었네요. 강력 추천합니다!,"부산 파라다이스호텔 레스토랑은 가격 대비 만족도가 떨어졌고, 주문 실수도 있었어요. 객실 밖 공용 공간은 냉방이 제대로 안 돼서 불편했고요. 특히 부페는 너무 정신없어서 롯데호텔의 수준이라고 보기엔 아쉬웠습니다.",0,0.03,0.31,0.27,0.14,0.14,"서울, 송파구 올림픽로 240"
롯데 리조트 속초,속초,"속초 바다가 한눈에 펼쳐지는 멋진 객실에서 쾌적하고 편안한 휴식을 취했습니다. 깨끗하고 좋은 시설 덕분에 더욱 만족스러웠고, 근처 해안 산책로와 음악당도 산책하기에 좋았어요. 직원들의 친절함까지 더해져 완벽한 여행이었네요! 호텔 시설은 만족스러웠지만,",주변에 식당이나 카페가 부족해 식사 선택지가 매우 제한적이었어요. 예약 시 주변 편의시설 정보를 명확히 제공해주면 좋겠습니다.,0.01,0,0.16,0.09,0.11,0.07,"속초, 대포항길 186"
메이원 호텔 명동,서울,"명동성당이 바로 옆이라 위치가 정말 좋고, 가격까지 저렴해서 완전 만족스러웠어요. 하지만 가성비를 따지는 여행객에게는 나쁘지 않은 선택일 수 있습니다.",가격 대비 기대치를 낮추는 게 좋습니다. 저렴한 만큼 시설이나 서비스는 부족할 수 있어요.,0.05,0.05,0.32,0.16,0.08,0.06,"서울, 중구 명동10길 35-12"
메종 글래드 제주,제주,"공항과 가까워 편리하고, 제주 시내 최고의 위치에 있는 깨끗하고 친절한 5성급 호텔이었어요. 넓고 여유로운 공간이 마음에 들었고, 작년에 이어 올해도 재방문할 만큼 만족스러웠습니다. 제주 시내 근교까지 대중교통 이용도 편리했어요. 뷔페는 가격 대비 괜찮았습니다.","스파와 피트니스 시설은 유료라 아쉬웠고, 늦은 시간 주차는 다소 불편한 주차타워 이용이었어요. 화장실 문이 잘 안 열리고 쾅 닫히는 점도 불편했네요.",0,0,0.08,0.08,0.01,0.05,"제주, 노연로 80"
맹그로브 동대문,서울,"광희사거리와 가까워서 유동인구가 많아 안전하고, 조용하고 깨끗한 시설이 인상적이었어요. 세탁기와 건조기 무료 이용이 정말 좋았고, 역세권에 위치해 편리했어요. 비대면 체크인도 가능해서 편하게 이용했습니다.","호텔 주변 환경이 좋지 않고, 모바일 체크인/체크아웃 시스템이 디지털 기기에 익숙하지 않은 분들께는 불편할 수 있습니다. 조식은 제공되지 않아 가격 대비 만족도가 다소 낮았습니다.",0,0,0.53,0.33,0.39,0.22,"서울, 중구 퇴계로 33"
맹그로브 신설,서울,"개인실이 가성비 최고였어요! 셀프 체크인도 편리했고, 무엇보다 보안이 훌륭해서 안심하고 머물렀습니다. 시설도 깨끗하고 좋았어요.","방이 너무 추웠고, 화장실 바닥에 곰팡이가 있었어요. 짐 보관도 직원이 제대로 관리해주지 않아 불안했습니다. 특히 제일 끝방이라 더 추웠던 것 같아요.",0.02,0.01,0.28,0.32,0.21,0.1,"서울, 동대문구 왕산로 22"
메이필드 호텔 서울,서울,직원분들 모두 친절하고 밝아서 기분 좋았어요. 서비스가 정말 좋았습니다! 덕분에 즐거운 시간 보냈네요.,"욕실이 있는 방으로 예약했는데, 침대와 구석에 먼지가 조금 있어서 청결도가 아쉬웠어요. 주차는 건물 내에 할 수 없다는 점도 불편했네요.",0,0.01,0.09,0.14,0.03,0.09,"서울, 강서구 방화대로 94"
메이플레이스 호텔,서울,"서울대학교병원 근처에 위치한 가성비 좋은 호텔이었어요. 깨끗하고 시설도 괜찮아서 편하게 잘 지냈고, 특히 성균관대 논술 때문에 묵었는데 위치도 좋았습니다. 지하철보다는 버스 이용이 더 편리했어요.","콘센트가 다 막혀 있어서 침대 옆에서 폰 충전도, 책상에서 스탠드도 사용할 수 없었어요. 책상을 쓰려고 했는데 너무 불편해서 다음부터는 다른 호텔을 이용해야 할 것 같네요.",0.04,0.04,0.47,0.42,0.33,0.17,"서울, 종로구 율곡로 179"
머큐어 앰배서더 서울 홍대,서울,홍대입구역 바로 앞이라 지하철 이용이 정말 편리했어요. 화장실도 깨끗하게 관리되어 좋았습니다.,"호텔 주차장은 외부 업체가 운영하는 기계식 주차장이라 이용이 불편했어요. 대기 시간이 길었고 요금도 비쌌으며, 관리인이 자주 자리를 비워 차량 이동 시 매번 5~10분씩 기다려야 했습니다. 게다가 정문 위치가 애매해서 처음 찾아가는 데 어려움을 겪었네요.",0.04,0.02,0.53,0.44,0.24,0.22,"서울, 마포구 양화로 144"
명동 메트로 호텔,서울,"명동 한복판에 있어서 관광과 쇼핑이 정말 편했어요. 근처 맛집도 많고, 을지로입구역이 바로 코앞이라 교통도 최고였죠. 특히, 체크인 전에 짐 맡겨준 덕분에 편하게 돌아다녔네요.","연휴라 가격이 다소 비쌌지만, 객실 상태에 비해 가격이 높다는 느낌이었어요. 목욕 가운이 없어서 불편했네요.",0.08,0.04,0.6,0.51,0.25,0.24,"서울, 중구 명동9가길 14"
미스테이 동성로 스타비앤비점,대구,"동성로에 위치해 접근성이 좋았고, 객실은 넓고 깨끗했어요. 침대도 편안했고, 화장실도 쾌적했습니다. 시설도 모두 만족스러웠습니다. 시내 중심가라 주차 공간 확보가 어려운 건 이해하지만요.","엘리베이터가 두 대뿐이라 체크아웃 시간엔 혼잡했어요. 주차 타워는 편리했지만, 짐을 꺼낼 때마다 카드키를 찍어야 해서 불편했네요.",0,0,0.34,0.22,0.14,0.14,"대구, 중구 국채보상로 562"
밀리오레 호텔 서울 명동,서울,"명동역 바로 앞이라 교통이 정말 편했고, 남산과 을지로도 가까워서 좋았어요. 가격 대비 만족도도 높았습니다. 위치도 좋고 가성비도 최고였네요!",프런트 직원들의 서비스가 조금 아쉬웠어요. 로비에 앉아서 쉴 수 있는 공간이 있었으면 더 좋았을 것 같아요.,0,0,0.29,0.11,0.09,0.03,"서울, 중구 퇴계로 115"
미니텔 소울,제주,"3층 노블레스룸은 거실을 중심으로 양쪽에 더블침대 놓인 넓은 방 두 개가 있는 구조였어요. 침구도 깨끗하고, 욕실도 쾌적했고요. 아침식사도 훌륭했답니다. 복층 구조라 넓고 좋았지만, 가격 대비 만족도는 정말 높았습니다! 강력 추천해요.","엘리베이터가 없고 2층 침실에서 화장실 이용하려면 가파른 계단을 내려가야 하는 불편함이 있었어요. 주차 공간도 협소했지만,",0.2,0,0.5,0.54,0.15,0.17,"서귀포, 예래로 210-6"
미포 오션사이드 호텔,부산,"바다가 보이는 객실과 레스토랑, 편리한 해변 접근성까지 완벽했어요. 간단한 식사도 괜찮았고요. 부산에 다시 온다면 꼭 다시 묵을 거예요! 오션뷰가 정말 멋진 곳이었지만, 가격 대비 훌륭한 컨디션이었어요.",해운대역과는 거리가 좀 있네요. (도보 20분 정도) 욕실에 샤워커튼이 있었으면 더 좋았을 것 같아요.,0.03,0.04,0.55,0.52,0.24,0.2,"부산, 해운대구 달맞이길 62번길 28"
미조 호텔,서울,"명동 중심가에 위치해 접근성이 뛰어나지만, 그만큼 가격이 다소 높습니다. 하지만 다른 명동 호텔들에 비해선 저렴한 편이라고 생각해요. 위치가 정말 좋아요.","비데가 설치되어 있었지만 작동하지 않았습니다. 직원들의 응대가 다소 불친절했고, 문제 해결에도 미흡했습니다. 다른 몇몇 부분에서도 불편함을 느꼈습니다.",0.07,0.04,0.51,0.29,0.2,0.15,"서울, 중구 명동8가길 7 8층"
엠앤럭키 호텔,서울,"혼자 여행왔는데, 직원들이 정말 친절하게 대해줘서 좋았어요. 방도 깨끗하게 청소되어 있었고요. 덕분에 편안하게 쉬다 갔습니다.",아파트처럼 로비가 없고 쉴 만한 공간도 부족했어요. 주변 골목길이 좁고 어두워서 조금 불편했네요. 편의시설이나 휴식 공간이 부족했던 점이 아쉬웠습니다.,0.07,0.08,0.54,0.47,0.21,0.19,"서울, 종로구 수표로22길 38"
모헤닉 호텔 서울 명동,서울,"명동역 바로 앞이라 찾기 쉬웠고, 호텔 홈페이지 설명도 자세해서 좋았어요. 방이랑 욕실 모두 깨끗해서 기분 좋았고, 위치, 전망까지 생각하면 가격 대비 정말 만족스러웠습니다. 미리 알아두시면 좋을 것 같아요.",청소는 요청해야 제공됩니다. 직접 요청하지 않으면 청소 서비스를 받을 수 없습니다.,0,0.01,0.32,0.16,0.12,0.07,"서울, 중구 퇴계로 115 17층"
몬드리안 서울 이태원,서울,"20대 초반 유학 중인 예비 아티스트로서, 호텔 직원들의 친절함과 다양한 편의시설 덕분에 즐거운 시간을 보냈어요. 정말 편안하고 즐거웠습니다!","호텔 사진 보고 실내 수영장에서 파티하고 해변처럼 놀고 싶었는데, 이용이 안 돼서 너무 아쉬웠어요. 기대했던 것만큼 즐기지 못했네요.",0.01,0.01,0.3,0.37,0.1,0.24,"서울, 용산구 장문로 23"
목시 서울 인사동,서울,"익선동과 종로3가역 바로 앞이라 놀러 다니기 최고였어요! 힙한 분위기에 2층 라운지까지 있어서 호텔 안에서만 시간 보내도 충분할 정도였답니다. 위치도, 분위기도 정말 만족스러웠어요!","창덕궁 구경 후 묵었는데, 헬스장이 너무 작고 밤에 소음이 심했어요. 주차장 찾기도 힘들었고, 안내가 부족해서 불편했습니다. 어머니와 함께였는데 더 아쉬웠네요.",0.11,0.07,0.79,0.63,0.36,0.28,"서울, 종로구 돈화문로11길 37"
목시 서울 명동,서울,"주말 가족여행으로 아침 시간이 부족했는데, 호텔에서 간단한 냉동식품을 구입할 수 있어서 좋았어요.  덕분에 허겁지겁 아침을 해결하고 일정을 시작할 수 있었죠.  식당 직원분들도 친절하셔서 더 기분 좋았습니다.","4층에 위치한 호텔 입구가 다른 곳과 헷갈려 불편했고, 조식도 아쉬웠습니다. 객실은 예약 인원(3명)보다 작아 추가 침구를 요청해야 했고, 체크인까지 한 시간 넘게 기다려야 했습니다.  좁은 객실과 긴 대기시간 때문에 불만족스러웠습니다.",0.11,0.01,0.57,0.52,0.28,0.26,"서울, 중구 명동8나길 38"
무아데자뷰 동대문점,서울,"새로 지은 호텔이라 깨끗하고 깔끔해서 정말 좋았어요. 근처에 시장도 있어 편리했고, 특히 여자친구가 정말 만족했습니다! 최고였어요. 가격 대비 위치와 시설이 모두 만족스러웠지만, 다만 위치가 좋아서 전체적으로는 괜찮았어요.",시설이 부족한 점이 아쉬웠습니다.,0.07,0.05,0.53,0.26,0.27,0.18,"서울, 중구 을지로5가 270-9"
엔브릿지 호텔 전주,전주,"가족과 함께 청연루와 완산칠봉을 구경하기 위해 남천교 호텔에 묵었는데, 객실이 모던하고 깨끗했어요. 고급 어메니티도 좋았고, 직원분들 친절함까지 완벽한 숙박이었답니다!","화장실, 샤워부스, 세면대는 깨끗했지만, 바닥이 미끄러워서 슬리퍼를 신고 다녀도 조심해야 했습니다.",0,0.01,0.31,0.21,0.06,0.04,"전주, 완산구 전주천서로 81"
N285호텔,서울,"청연루와 완산칠봉 관광을 위해 예약한 남천교 숙소는 모던하고 고급스러우며, 직원도 친절했다.","체크인 데스크는 다소 허름했지만, 객실은 고급스러웠어요. 하지만 가격을 생각하면 수영장이나 다른 부대시설은 실망스러웠습니다. 위치만 빼면 가성비가 떨어졌어요. 에어컨 필터에 먼지가 너무 많아 놀랐어요. 좁은 욕실은 샤워 한 번 하면 물바다가 될 정도였고, TV에 어깨를 계속 부딪힐 정도로 방이 좁았습니다. 여름이 아니라 에어컨 사용은 안 했지만, 청결 상태가 아쉬웠네요.",0,0.02,0.52,0.38,0.18,0.25,"서울, 종로구 삼일대로 423"
남포 하운드 호텔 프리미어,부산,"세탁시설과 같은 편의 시설이 아주 좋았고, 직원 분들은 일처리도 빠르고 너무 친절하셨어요!","부산 시내에 위치한 탓인지 숙소 근처 공사 소음과 불법 개조 오토바이 소음 때문에 시끄러웠어요.  특히 새벽에 소음이 심했고, 샤워실 배수도 잘 안 되었네요.  에어컨도 제대로 작동하지 않아 불편했습니다.",0.08,0.04,0.58,0.41,0.33,0.15,"부산, 중구 보수대로 24"
남산 힐 호텔,서울,"직원들이 친절했고, 호텔 바로 앞 주차장 이용이 편리했어요. 남산이 가까워 산책하기도 좋았고, 대중교통 이용도 편리해서 명동까지도 금방 다녔답니다. 조용한 주변 환경도 마음에 들었어요.","화장실 바닥이 미끄러우니 조심해야 하고, 엘리베이터 바로 앞이라 소음이 좀 있었어요. 윗층 소리도 다 들릴 정도로 방음이 약했고, 청소나 배수 소리도 신경 쓰였네요.",0.06,0.04,0.36,0.32,0.19,0.11,"서울, 중구 소공로3길 35"
나무애,경주,"한옥의 아늑한 분위기와 훈훈한 온도가 정말 좋았어요. 푹신한 침구와 따뜻한 바닥 덕분에 편안하게 잠들었고, 마치 고향집에 온 것처럼 편안하고 정겨운 시간을 보냈답니다. 방 안의 푸른 식물들까지, 모든 게 완벽했어요!",겨울에 방문했더니 객실이 다소 추웠어요. 물이나 음료 등 필요한 건 해 지기 전에 미리 준비하는 게 좋겠어요. 다음번엔 더 따뜻한 계절에 가봐야겠어요.,0.07,0,0.74,0.95,0.23,0.05,"경주, 포석로1068번길 25"
니어리스트 게스트하우스,전주,"한옥마을과 가까워서 이동이 편했고, 가격 대비 정말 좋은 게스트하우스였어요. 호스트분이 영어를 잘하셔서 전주 여행 계획 세우기도 수월했답니다. 처음 게스트하우스를 이용하는 사람에겐 낯설 수 있지만, 여행객에게 편리한 곳이에요. 특별히 부족한 점은 없었습니다.",,0.04,0.03,0.66,0.6,0.3,0.1,"전주, 완산구 경원동3가 39-5번지"
나이아가라 호텔,서울,"한강 뷰가 정말 예뻐서 술집에 가지 않아도 좋았지만, [NEG] 호텔 전화 연결이 너무 안 돼서 100번 가까이 시도했는데도 응답이 없어 정말 실망스러웠습니다.  [POS] 뷰는 최고였지만 [NEG] 서비스는 최악이었네요. [NEG] 랜턴에 옷 태그가 붙어있었고, [NEG] 샤워 수압이 약했어요.  [NEG] 샴푸, 컨디셔너, 바디워시는 없었고, [NEG] 관광지와는 거리가 좀 있었지만 [POS] 주차는 가능했어요(기계식 주차일 가능성도 있음).",,0.1,-0.01,0.27,0.18,0.12,0.04,"서울, 강서구 양천로 743"
나인트리 프리미어 로카우스 호텔 서울 용산,서울,"용산역과 바로 연결되어 교통이 편리하고, 주변 맛집도 많아서 위치가 최고였어요. 객실 청결 상태도 좋았고, 직원들도 친절해서 기분 좋았네요. 전반적으로 만족스러운 숙박이었습니다.","새로 생긴 호텔이라 그런지 아직은 서비스가 미숙한 부분이 보였어요. 예를 들어, 객실의 휴지통이 비워져 있지 않았고, 엘리베이터를 기다리는 시간도 꽤 길었어요. 전반적으로 다소 어설픈 느낌이었습니다.",0.04,0.01,0.57,0.43,0.24,0.18,"서울, 용산구 한강대로23길 25"
나인트리 프리미어 로카우스 호텔 서울 용산,서울,"나인트리 호텔은 서울 여행객들에게 오랫동안 사랑받는 곳이에요. 깨끗하고 편안한 객실과 최고의 위치, 훌륭한 조식까지 완벽한 가성비를 자랑하죠. 특히 호텔 시설이 정말 잘 갖춰져 있어서 더욱 만족스러웠어요.","로비에서 옷을 펼쳐놓고 사진 찍는 사람들이 많았는데, 호텔 측에서 더 적극적으로 제재했어야 하지 않았나 싶어요. 정말 보기 좋지 않았거든요.",0.02,0,0.38,0.33,0.28,0.16,"서울, 용산구 한강대로23길 25"
나인트리 바이 파르나스 서울 인사동,서울,"인사동, 북촌, 종로, 광화문 등 주요 관광지와 가까워 위치가 정말 좋았어요. 직원분들이 친절하게 대해주셔서 체크인부터 기분 좋았고, 편안하게 숙박할 수 있었습니다. 강력 추천합니다!","조계사 근처라 새벽 예불 북소리가 꽤 시끄러웠어요. 방 환기가 잘 안 되고, 샤워기 수압 조절도 불편해서 아쉬웠습니다. 호텔 시설 관리에 조금 더 신경 써주셨으면 좋겠어요.",0.03,0.02,0.49,0.4,0.22,0.17,"서울, 종로구 인사동길 49"
나인트리 바이 파르나스 서울 명동 1,서울,"명동 근처 여행 계획이 있다면, 꼭 다시 찾고 싶은 호텔이에요. 위치도 좋고, 전반적으로 만족스러웠습니다. 강력 추천합니다! 조식 포함 프로모션으로 괜찮게 이용했지만, 다른 특별한 문제는 없었어요.",창문 틈새로 바람이 좀 들어왔고 세면대가 너무 낮아 불편했습니다.,0.02,0.02,0.36,0.29,0.16,0.12,"서울, 중구 명동 10길 51"
나인트리 바이 파르나스 서울 명동 2,서울,"을지로3가 한복판이라 주변 편의시설 이용이 편리했어요. 객실도 깨끗하게 청소되어 있었고, 냄새도 전혀 나지 않았습니다. 쾌적하게 잘 지냈어요.","조식이 아쉬웠어요. 객실 분위기가 전체적으로 어두운데, 좀 더 밝은 색상으로 바꾸면 좋을 것 같아요.",0.06,0.03,0.46,0.37,0.21,0.2,"서울, 중구 마른내로 28"
노블 호텔,서울,"노블 호텔(12/9~12/16)에 머물렀는데, 방이 깨끗하고 따뜻해서 좋았어요. 침구도 괜찮았고, 무엇보다 고급스러우면서 편안한 분위기가 인상적이었네요. 정말 즐거운 숙박이었어요!","화장실 조명이 일부 고장 나서 불편했고, 창문 너머 옆 건물이 바로 보여서 프라이버시가 좀 신경 쓰였어요. 시내 구경 많이 하고 다녀서 욕조에 족욕하고 싶었는데, 욕조가 없어 아쉬웠네요.",0.11,0.05,0.52,0.45,0.23,0.24,"서울, 종로구 율곡로6길 13-3"
노떼 라 미아 호텔,부산,"부산역과 가까워 여행하기 편리하고, 가성비 좋은 숙소였어요. 특히 욕실, 변기, 세면대가 분리된 화장실이 너무 좋았고, 조식도 맛있었답니다. 부산 출장 시 자주 이용하는 곳이에요.","욕실은 밝았지만 객실은 조명이 어두워 책이나 지도 보기가 불편했어요. 화장실 세면대 수도꼭지도 고장 나 있었고, 더러운 창문 때문에 뷰를 제대로 즐기지 못했습니다. 전반적으로 조명과 청결 상태가 아쉬웠네요.",0.04,0.05,0.43,0.32,0.31,0.13,"부산, 동구 대영로 265"
노보텔 앰배서더 서울 동대문 호텔 앤 레지던스,서울,"라운지 해피아워랑 조식이 정말 괜찮았어요. 아침도 맛있었고, 호텔이 깨끗해서 좋았습니다. 다음에 또 이용할 생각이에요.",호텔 주변에 갈 만한 곳이 없어서 심심했어요. 뭘 하고 시간을 보내야 할지 몰라서 아쉬웠네요. 주변 관광 정보가 부족했어요.,0.01,0.02,0.46,0.4,0.2,0.22,"서울, 중구 을지로 238"
노보텔 앰배서더 서울 강남,서울,신논현역이 바로 코앞이라서 근처 카페나 식당 이용이 정말 편했어요.  걸어서 금방이라 좋았습니다.,"조식이 너무 북적여서 따로 앉아 먹어야 했어요. 2인 조식 포함인 줄 알았는데, 추가 요금 내고 1인분만 결제했네요. 조식 공간이 좀 더 넓었으면 좋았을텐데 아쉬웠습니다.",0.02,0.01,0.29,0.3,0.13,0.18,"서울, 강남구 봉은사로 130"
노보텔 앰배서더 서울 용산,서울,"용산 아이파크몰과 연결된 편리한 위치에 있고, 친절한 외국인 직원들이 인상적이었어요. 침대가 정말 편안했고, 주변에 쇼핑할 곳과 맛집도 많아서 좋았습니다. 특히 객실 방음이 훌륭했네요. 그 대신 장기 투숙객용 객실로 옮겨줬는데, 웬만한 집보다 큰 냉장고와 전자레인지가 있어서 놀랐네요.","트윈 베드를 예약했는데 싱글 엑스트라 베드가 있었고, 바디워시도 없어서 따로 요청했어요.",0,-0.01,0.2,0.17,0.06,0.11,"서울, 용산구 청파로20길 95"
노보텔 스위트 앰배서더 서울 용산,서울,"아이파크몰이랑 가까워서 쇼핑하기 편했고, 대중교통 이용도 좋았어요. 미니키친도 유용했고, 무엇보다 직원들이 친절해서 기분 좋았어요. 수영장도 오픈 시간 맞춰 가니 한산해서 아이랑 편하게 놀다 왔네요.","용산역과 연결된 드래곤시티 호텔 통로 천장에서 물이 새는 등 시설 관리가 부실했습니다. 방 안에서는 TV 소리가 제대로 나오지 않았고, 베개 커버에 이물질까지 발견했어요. 특히 로비 화장실 청결 상태가 너무 심각해서 충격적이었습니다.",0.01,0.02,0.31,0.29,0.07,0.08,"서울, 용산구 청파로20길 95"
오요루프탑호스텔,서울,명동 상점가까지 걸어서 5분이면 충분할 만큼 위치가 정말 좋았어요. 조식으로 토스트랑 시리얼 등 간단한 음식이 제공되는데 괜찮았습니다.,"30년 만에 한국에 와서 호텔에서 외국인 친구들과 함께 묵었는데, 숙소 상태가 너무 부끄러워서 죄송했습니다. 정말 낡고 불편해서 친구들에게 미안한 마음뿐이었어요.",0.04,0.08,0.68,0.6,0.21,0.21,"서울, 중구 퇴계로20길 47 "
오크우드 프리미어 코엑스 센터,서울,"시내 중심에 위치해 이동이 편리했고, 특히 코엑스몰과 연결된 통로가 정말 좋았어요.  덕분에 편하게 이용할 수 있었답니다.","어린이와 함께라면 사우나 이용이 어려워 불편했고, 룸서비스 조식은 따로 계산해야 해서 아쉬웠습니다. 직원들의 친절도와 서비스 회수율도 다소 낮았습니다.",0,0.01,0.26,0.19,0.07,0.09,서울 강남구 테헤란로87길 46
오션스위츠 제주 호텔,제주,늦은 시간 제주에 도착했지만 호텔 위치가 좋아 편리했어요. 오션뷰 방에서 멋진 바다를 보며 정말 즐거운 시간을 보냈습니다. 최고였어요!,"방에 도착했을 때 꽤 더웠고, 늦은 시간에 도착하는 바람에 호텔 시설을 거의 이용하지 못했어요. 아쉬운 점은 화장실이 좀 오래된 데다 청소 상태도 꼼꼼하지 않았다는 거예요.",0.02,0.04,0.25,0.19,0.06,0.11,"제주, 탑동 해안로 74"
오션 더 포인트 호텔,부산,"출장 때문에 급하게 예약했는데, 방은 아담하지만 깨끗하고 화장실도 훌륭했어요. 큰 오피스텔에 있는 모텔 같은 느낌이었지만, 바다 전망이 끝내주고 위치도 최고였습니다. 보안도 철저했어요!","오션브릿지 호텔은 벽지가 조금 낡은 등 아쉬운 부분이 있었지만,  전반적으로 괜찮았어요. 조식 메뉴만 조금 더 신경 쓴다면 정말 최고일 것 같아요!",0.01,0.01,0.35,0.27,0.13,0.12,"부산, 수영구 광안해변로278번길 42 오션브릿지 A동"
오클라우드 호텔 강남,서울,가격 대비 정말 훌륭했어요! 직원들도 친절했고 불편한 점 없이 편안하게 묵었습니다. 특히 5천 원짜리 조식이 생각보다 훨씬 맛있어서 놀랐어요.,"호텔에 레스토랑이 없어서 식사 해결이 불편했고, 발렛파킹이 안 돼서 차 가지고 다니기 번거로웠어요. 더구나 방음이 부실해서 밤에 시끄러웠고, 방이 너무 더웠습니다.",0.03,0.01,0.31,0.24,0.14,0.1,"서울, 서초구 사평대로58길 12"
"오라카이 청계산 호텔,BW 프리미어 컬렉션",서울,"깨끗하고 깔끔한 객실 덕분에 편안하게 쉬었고, 직원들의 친절함까지 더해져 정말 기분 좋은 여행이었어요.  강력 추천합니다!","조식이 매일 나왔지만, 제 입맛에는 조금 부족했어요.  다양한 메뉴가 있었으면 더 좋았을 것 같아요.  아쉬운 부분이었네요.",0.03,0.01,0.11,0.12,0.1,0.08,"서울, 서초구 청계산로9길 1-7"
"오라카이 대학로 호텔, BW 시그니처 컬렉션",서울,"대학로와 고궁 관광에 최적의 위치였고, 객실은 넓고 깨끗했어요. 특히 침실과 욕실 상태가 아주 좋았고, 청소도 꼼꼼하게 잘 해주셨습니다. 직원분들의 친절함까지 더해져 정말 만족스러운 숙박이었어요.","길 건너편 건물 때문에 옆방 소리가 다 들렸어요. 특히 샤워 소리가 너무 크게 들려서 불편했고, 복도 소음도 심했어요. 룸서비스가 오후 3시에 마감이라 하루만 묵는 손님은 이용하기 어려웠어요.",0.02,0.01,0.44,0.43,0.27,0.18,"서울, 율곡로 180"
오라카이 인사동스위츠,서울,넓은 객실 덕분에 가족 여행이나 친구들과의 모임에 딱 좋은 서울 숙소였어요.  다 함께 편안하게 쉴 수 있는 공간이라 추천합니다!,"가격 대비 만족도가 떨어졌어요. 사우나 탕에 물이 없었고, 창문을 열면 주변 식당 냄새가 심하게 나서 겨울임에도 불구하고 방이 너무 더웠습니다. 결론적으로 추천하기 어려워요.",0.03,0.02,0.46,0.38,0.17,0.23,"서울, 종로구 인사동4길 18"
오리엔스 호텔 & 레지던스 명동,서울,"파출소 근처라 안전했고, 주변에 식당과 편의점이 많아 편리했어요. 직원분들이 정말 친절하셔서 기분 좋았습니다. 늘 밝게 인사해주시는 모습이 특히 좋았네요!","복도 소음이 심해서 시끄러웠고, 화장실 문이 제대로 안 열리고 닫혀 불편을 겪었어요.",0.05,0.03,0.5,0.47,0.27,0.2,"서울, 중구 삼일대로 2길 50"
파라다이스 호텔 부산,부산,"파라다이스 정원의 귀여운 도라에몽 포토존 덕분에 사진 찍는 재미가 쏠쏠했어요! 직원분들도 친절하셔서 더 기분 좋았고, 가족여행으로 다시 오고 싶을 만큼 모든 게 완벽했습니다. 객실은 깨끗하고 정돈이 잘 되어 있었지만,","주차장이 너무 열악했어요. TV는 크기가 작고 인터넷 속도도 느렸으며, 충전기도 불편했습니다. 투숙객 할인 혜택이 있으면 더 좋을 것 같아요.",0,0.01,0.35,0.33,0.08,0.26,"부산, 해운대구 해운대해변로 296"
파크하얏트 부산,부산,"부산 파크하얏트 호텔, 첫 방문이었는데 정말 만족스러웠어요! 룸 컨디션도 깨끗하고 직원들도 친절해서 좋았고, 특히 패밀리 스위트룸은 4인 가족에게 딱 맞는 크기였습니다. 위치도 최고였어요. 객실은 정말 좋았지만,",식당이나 다른 부대시설은 기대에 못 미쳤어요. 체크인 공간이 좁아 붐빌 때는 대기 시간이 길다는 점도 아쉬웠습니다. 체크인 시간대를 고려한 사전 준비가 부족했던 것 같아요.,0.01,0,0.32,0.39,0.1,0.2,"부산, 해운대구 마린시티1로 51"
파크 하얏트 서울,서울,"서울 야경이 한눈에 펼쳐지는 멋진 씨티뷰 객실이었어요. 화려한 광고판 불빛이 신경 쓰이지 않고 오히려 서울의 활기를 느끼게 해 좋았고, 라운지 음료와 룸서비스 음식도 만족스러웠습니다. 전반적으로 즐거운 숙박이었어요.","조식당이 좁고 테이블 간 간격이 좁아 북적이는 느낌이었어요. 코엑스몰과 연결되지 않아 외부로 나가야 하는데, 여름엔 덥고 겨울엔 춥다는 점이 불편했네요.",0.02,0.01,0.37,0.41,0.15,0.17,"서울, 강남구 테헤란로 606번지"
파르나스 호텔 제주,제주,도미토리 숙박 동안 다른 사람들의 코골이 소음 없이 편안하게 쉴 수 있었어요. 체크인 전 짐도 맡겨주셔서 정말 편리했습니다. 친절한 서비스에 감사했어요! 다음에도 꼭 다시 방문할 거예요!,"숙소에 약간의 음식 냄새가 남아있었지만, 가격 대비 정말 만족스러웠어요.",0.05,0.1,0.55,0.65,0.38,0.09,"서귀포, 서귀포시 중문관광로 72번길 100"
파티오세븐 호텔,서울,"호텔 위치가 정말 좋았고, 직원들이 친절해서 기분 좋았어요. 특히 침대가 넓어서 숙면을 취할 수 있었답니다. 편안하고 즐거운 휴식을 취할 수 있었어요.","객실과 복도가 다소 좁고, 엘리베이터가 어두컴컴해서 불편했어요. 샤워 수압도 약했고, 발코니 소파는 청결 상태가 좋지 않았습니다. 프런트 데스크는 너무 정신없었어요.",-0.02,0.02,0.27,0.13,0.13,0.08,"서울, 강남구 논현로 736"
피터캣 호텔 신촌,서울,"낡은 호텔이지만 깨끗하게 관리하려는 노력이 엿보였어요. 어메니티가 부족한 다른 곳과 달리 칫솔, 치약, 생수까지 제공해서 좋았습니다.","방이 너무 좁아 답답했고, 낡고 먼지 쌓인 창문 때문에 환기도 제대로 되지 않았어요. 겨울인데 난방이 안 되고 에어컨만 있어서 밤에는 정말 추웠습니다. 이불 밖은 위험했어요!",0.03,0.05,0.34,0.26,0.05,0.09,"서울, 마포구 백범로2길 21"
프라임관광 호텔,부산,"부산 관광이 주 목적이 아니라면, 위치는 정말 편리해요.  교통도 좋고 주변 편의시설 이용도 수월해서 좋았습니다.  다른 곳으로 이동하기에도 편한 위치였어요. 침대는 두 개에 요 하나 추가했는데, 이불에 '프라임 호텔'이라고 적혀 있었고, 살짝 습한 느낌은 있었지만 깨끗했어요.","트윈룸은 세 명이 쓰기엔 다소 좁았고, 샤워기 수압이 약해서 불편했어요. 좁은 객실 크기가 아쉬웠네요.",0.05,0.01,0.24,0.16,0.11,0.08,"부산, 동구 중앙대로 399"
프린세스 호텔,서울,"압구정 중심가에 위치해 접근성이 좋았고, 가격 대비 훌륭한 시설과 편의용품을 갖춘 호텔이었어요. 특히, 조용한 방을 요청했더니 미리 준비해주셔서 감사했고, 덕분에 편안하게 쉴 수 있었답니다. 깔끔하고 정갈한 분위기까지 더해져 만족스러운 숙박이었어요.","창문 없는 방이 있다는 후기를 보고 갔는데, 역시나 답답했어요. 샤워실 배수도 잘 안 돼 불편했고, 엘리베이터에서 심한 냄새 때문에 기분이 좋지 않았습니다. 전반적으로 쾌적하지 못했어요.",0.01,0.04,0.24,0.2,0.05,0.04,"서울, 강남구 압구정로 46길 17"
풍남주택,전주,"아늑하고 필요한 시설은 모두 갖춘 작은 호텔이었어요. 호스트와 소통도 원활해서 좋았고, 넓은 방이 필요없다면 정말 추천할 만한 곳입니다! 한옥의 운치는 좋았지만, 전반적으로는 괜찮았지만,",방음이 약해 조금 시끄러웠어요. 그리고 마당의 의자 등 야외 시설 관리가 조금 아쉬웠네요. 개선되면 더 좋을 것 같아요.,0.05,0.02,0.64,0.61,0.29,0.1,"전주, 완산구 최명희 길 26-39"
퀸스 호텔 부산 서면,부산,"호텔 위치가 마음에 쏙 들었고, 사장님 두 분 모두 너무 친절하셨어요. 늦은 시간에 도착했는데도 깨끗하게 방을 정리해주셔서 감사했습니다.","2박 동안 묵으면서 이불 커버 교체와 바닥 청소를 요청했는데, 제대로 전달이 안 된 것 같아요. 바닥이 좀 지저분했거든요.",0.06,0.05,0.76,0.83,0.34,0.31,"부산, 부산진구 부전로 56"
레인보우 호텔 명동,서울,"친절한 직원분들의 안내와 깨끗한 침구 덕분에 편안하게 묵었어요. 샤워 시설도 뜨거운 물이 콸콸 잘 나와서 좋았고,  무엇보다 호텔 전체가 깨끗하게 관리되어 있었답니다. 맛있는 조식까지 완벽한 호텔 경험이었어요!","사진과 달리 객실이 너무 좁고 수납공간이 부족해서 불편했어요. 조식도 종류가 적고 먹을 공간도 협소했고, 심지어 바퀴벌레까지 봤습니다. 전반적으로 실망스러웠어요.",0,0.04,0.22,0.18,0.14,0.05,"서울, 중구 퇴계로31길 29"
라마다 앙코르 바이 윈덤 부산 해운대,부산,"바다가 보이는 멋진 객실과 편리한 식당, 바닷가까지 가까워서 정말 좋았어요. 간단한 식사도 훌륭했고, 부산에 다시 온다면 꼭 다시 묵을 거예요! 미포 오션사이드 호텔 최고! 해운대 바다가 멋진 호텔이었지만,","주변이 조금 시끄러웠어요. 해운대역까지는 걸어서 20분 정도 걸리는 점이 아쉬웠고, 욕실에 샤워커튼이 있었으면 좋겠네요.",0.03,0.04,0.55,0.53,0.24,0.2,"부산, 해운대구 구남로 9"
라마다 앙코르 바이 윈덤 부산역,부산,"부산역 코앞이라 이동이 너무 편했어요! 조식도 가격 생각하면 정말 괜찮았고, 1층에 편의점과 카페가 있어서 편리했네요. 직원들도 친절해서 기분 좋았습니다.",여름에는 루프바 운영 시간을 좀 더 늦춰주셨으면 좋겠어요. 늦게까지 즐기고 싶은데 아쉬웠어요.,0.01,0.02,0.32,0.22,0.13,0.1,"부산, 동구 중앙대로 196번길 10"
라마다 호텔 앤 스위트 서울 남대문,서울,"서울역과 가까워서 이동이 편리했고, 객실도 넓고 깨끗해서 좋았어요. 주변에 식당과 상점이 많아 편의성도 뛰어났고, 무엇보다 조식과 객실 업그레이드 서비스에 감동했습니다!","애견 동반 객실이라 침구는 방수 처리된 소재로 바꾸는 게 좋겠어요. 와이파이는 연결이 잘 안 되고 비밀번호도 복잡해서 불편했고, 속도도 중간 정도였습니다. 체크인 때 차량 등록 정보를 프론트에 알렸는데, 반영이 안 된 점도 아쉬웠어요.",-0.01,0.01,0.28,0.27,0.14,0.14,"서울, 중구 칠패로 27"
라마다 속초 호텔,속초,"프랑제리 빵 맛있었고, 베란다에서 바다가 바로 보이는 멋진 오션뷰가 최고였어요. 카페랑 애슐리도 가까워서 좋았고, 숙소도 깨끗하고 조식도 훌륭했네요. 특히 프런트 직원분들이 친절해서 기분 좋았어요. 부킹닷컴으로 30평형 객실을 예약했는데, 퀸사이즈 침대가 있는 방과 온돌방이 하나씩 있더라고요. 온돌방은 바닥이 뜨끈뜨끈해서 이불 깔고 편하게 잘 잤지만,",장애인 편의시설이 부족했던 점은 아쉬웠어요.,0,0.01,0.06,0.03,0.01,0,"속초, 대포항희망길 106"
라마다 바이 윈덤 서울 동대문,서울,라마다 동대문 호텔은 대형 체인답게 예약부터 체크아웃까지 시스템이 잘 갖춰져 편리했어요. 세 명이서 넉넉하게 지낼 수 있는 객실도 좋았고요. 무엇보다 지하철 3개 노선과 버스 정류장이 가까워서 교통이 정말 편리했어요.,로비의 낡은 소파 때문에 호텔의 첫인상이 좋지 않았어요. 잠시 예약을 후회할 정도였죠. 좀 더 쾌적한 분위기였으면 좋았을텐데 아쉬웠습니다.,0.01,0,0.35,0.27,0.14,0.13,"서울, 중구 동호로 354"
리안 호텔,서울,"역 바로 앞이라 교통이 편리하고, 주변에 술집도 많아서 좋아요. 호텔 시설도 깔끔하고 편안했고, 근처에 맛있는 커피숍까지 있어서 더 좋았습니다. 위치도 최고!",청소 요청은 하루 전에 미리 해야 한다는 점이 다소 불편했어요. 체크인 시에 미리 알려주면 더 좋을 것 같네요.,0.05,0.01,0.41,0.3,0.17,0.15,"서울, 종로구 수표로 18길 26"
로얄호텔서울,서울,명동 한가운데 위치한 호텔이라 접근성이 정말 좋았어요. 특히 무더운 날씨에도 호텔 입구부터 시원한 에어컨 바람이 솔솔 불어서 들어가기 싫을 정도였네요! 덕분에 쾌적하게 머물렀습니다. 나머지는 정말 다 좋았어요. 편안하고 만족스러운 숙박이었답니다.,"침대 베개가 좀 꺼져서 아쉬웠지만,",0.05,0.01,0.51,0.39,0.19,0.14,"서울, 중구 명동길 61"
로얄스퀘어 호텔,서울,"김포공항 근처라 이용하기 편했고, 객실도 깨끗해서 좋았어요. 직원분들도 친절하셨고, 정말 만족스러운 숙박이었네요! 다음에도 또 이용할 것 같아요. 원룸을 개조한 호텔이었지만, 불편함 없이 정말 편안하게 잘 지냈어요. 인테리어도 훌륭했고요! 강력 추천합니다.",,0.01,0.01,0.2,0.15,0.1,0.07,"서울, 강서구 공항대로 30"
로이넷호텔 서울 마포,서울,"가족여행으로 다녀온 호텔인데, 가격 대비 만족도가 높았어요. 직원분들이 친절하게 대해주셨고, 무엇보다 객실이 깨끗해서 좋았습니다.","장기 투숙객을 위한 세탁실 이용 안내가 부족했고, 청소 후에도 냄새가 남아 아쉬웠어요. 욕실 환풍기 소리가 밤에 조금 거슬렸지만, 잠 못 이룰 정도는 아니었습니다.",0.02,0.01,0.36,0.31,0.21,0.1,"서울, 마포구 마포대로 67"
SL호텔 강릉,강릉,"강릉역과 가까워서 편했고, 주변에 먹거리와 마트도 많아 좋았어요. 가격 대비 객실도 깨끗했고, 조식까지 제공되어 70대 어머니와 함께 편안하게 여행했습니다. 다른 숙소들과 비교했을 때 최고의 선택이었어요!",옆방에서 담배를 피워서 방까지 연기가 들어와 힘들었어요. 밤늦도록 개 짖는 소리 때문에 잠 못 이룬 것도 아쉽네요. 주차장 선도 좀 정리해주시면 좋겠어요.,0.02,0,0.34,0.45,0.17,0.18,"강릉, 주문진읍 주문로 59"
소유 호텔,부산,"해운대 바닷가 바로 앞, 벡스코도 가까워서 위치가 정말 좋았어요! 가격 대비 만족도 최고였고, 무료 사우나까지 이용해서 여행의 피로를 확실히 풀었네요. 강추합니다!","아침에 퇴실 준비 중 화장실에서 물이 잘 안 내려가는 걸 발견했고, 샤워커튼과 블라인드에 곰팡이가 있었어요. 화장실 문틈의 먼지도 신경 쓰였네요. 전반적으로 깨끗했지만, 욕실 청소 상태가 아쉬웠습니다.",0.01,0,0.18,0.13,0.07,0.07,"부산, 중구 대청로 126번길 23"
익선 피터캣 호스텔,서울,"가격 대비 정말 훌륭하고, 위치도 최고였어요! 강력 추천합니다.","지하 주방에는 냉장고, 싱크대, 조리도구 등이 있었지만, 관리가 너무 안 돼서 사용하기 어려웠어요. 위생 상태가 좋지 않아서 장기 숙박 중에 요리해서 먹기는 힘들었네요.",0.05,0.03,0.54,0.35,0.12,0.19,"서울, 종로구 돈화문로11나길 59"
사랑루,전주,"조용하고 편안한 분위기에서 힐링할 수 있었어요. 객실도 깨끗하고, 관광지와 가까워서 위치도 좋았습니다. 특히 토스트, 커피, 계란, 과일 등이 준비된 든든한 조식이 인상적이었어요. 하지만 다른 계절에는 아주 만족스러울 것 같습니다.","화장실과 샤워실이 다소 좁았고, 겨울철 조식 공간은 다소 춥고 협소했어요.",0.08,0.04,0.54,0.54,0.27,0.06,전북 전주시 완산구 전주천동로 58-5
사보이 호텔,서울,"도심에 위치해 접근성이 좋고, 조용해서 숙면을 취하기에 정말 좋았어요. 편안하게 쉴 수 있는 곳이었네요.",죄송합니다. 리뷰 가이드라인 위반으로 리뷰가 게시되지 않았습니다.  자세한 내용은 문의해 주세요.,0.05,0,0.34,0.22,0.16,0.1,"서울, 중구 명동 8 나길 10"
씨크루즈호텔 속초,속초,"속초 중앙시장과 가까워(도보 6~7분) 여행하기 편했고, 호수와 바다 전망이 아름다운 숙소였어요. 가격 대비 깨끗하고 조식도 맛있었으며, 아이를 위한 침대 가드 요청도 들어주셨어요. 전망 좋은 룸에서 즐거운 시간을 보냈습니다!",호텔 앞 주차장이 너무 혼잡해서 주차하기가 힘들었어요. 주차 안내를 개선하면 더 좋을 것 같아요.,0.01,0.03,0.13,0.15,0.05,0.05,"속초, 청초호반로 273"
세종 호텔 서울 명동,서울,"명동에 있는 호텔이라 위치가 정말 좋았고, 4인 가족룸은 독립된 공간이 있어서 아이들과 편하게 쉬었어요. 특히 남산뷰가 환상적이었어요! 성수기였는데도 만족스러웠습니다.","몇 년째 이어지는 해고자 시위 때문에 호텔 출입이 불편했어요. 객실 조명이 부족해서 작업하기엔 어려웠고, 옆방 코 고는 소리 때문에 잠도 제대로 못 잤네요. 작업 때문에 방을 이용하실 분들께는 추천하지 않습니다.",-0.01,0,0.31,0.2,0.08,0.08,"서울, 중구 퇴계로 145"
서귀포 칼 호텔,제주,"올레길 여행 마지막 날, 동문시장 구경과 저녁 식사를 위해 묵었던 호텔이었는데, 클래식하면서 깔끔한 인테리어가 정말 마음에 들었어요. 지인들에게도 강력 추천할 만큼 좋았습니다! 위치는 정말 좋았지만,","호텔 어메니티가 샴푸와 바디워시밖에 없어서 개인 용품을 챙겨가는 게 좋을 것 같아요. 근처 공사장 소음이 심했는데, 스벅에서 잠깐 눈 붙이고 체크아웃했네요.",0.04,0.09,0.26,0.2,0.13,0.08,"서귀포, 칠십리로 242"
성동장,대구,"대구 친구 만나러 간 김에 잠깐 묵을 저렴한 곳 찾다가 성동장을 예약했는데, 생각보다 훨씬 좋았어요. 방이랑 욕실 리모델링해서 깔끔하고 모던했고, 뜨거운 물도 잘 나왔어요. 위치도 편리했구요! 전기장판 덕분에 따뜻하게 잘 지냈어요.","다만 에어컨이 없어서 조금 아쉬웠고, 1회용품도 준비되어 있으면 더 좋겠네요.",0.02,0.02,0.34,0.22,0.22,0.12,대구 남구 성당로 38
서울 가든 호텔,서울,"공덕역과 마포역이 가까워 교통이 편리하고, 주변에 맛집이 많아 좋았어요. 특히 가성비가 정말 훌륭했어요!","건물은 다소 오래됐지만 깨끗하게 관리되어 있었고, 방도 깔끔해서 만족스러웠습니다. 호텔 주차는 타워 주차시 유료이며, 출차 시 추가 요금이 발생합니다. 지하 주차장은 무료라고 안내문에 적혀 있지만, 현장에선 안내받지 못했고, 입구 위치가 불편해 찾기 어려웠습니다. 또한, 객실이 너무 건조해서 숙면을 취하기 힘들었습니다.",0.02,0.01,0.21,0.17,0.11,0.09,"서울, 마포구 마포대로 58"
서울앤호텔 동대문,서울,"개인 커튼으로 프라이빗하게 이용할 수 있는 도미토리가 마음에 들었어요. 지하철역과 가까워서 편리했고, 가격 대비 만족스러웠습니다. 특히 조식(6600원)도 괜찮았고, 직원분들이 친절하고 외국어도 잘하시더라고요.","화장실과 샤워실이 반투명 유리라 프라이버시가 부족했고, 좁은 방 크기 때문에 더 불편했습니다. 침대 옆 세면대와 노출된 전기 코드도 위험했고, 습한 방에 에어컨 조절 장치도 없어 힘들었어요.",0,0.03,0.21,0.21,0.1,0.09,서울 종로구 종로66가길 21
서울올림픽파크텔,서울,"아산병원 진료 때문에 묵었는데, 병원이랑 가까워서 정말 편했어요. 조식도 맛있었고, 공연 후 숙소까지 가깝다는 점도 좋았습니다. 위치가 최고였어요!","욕실이 너무 좁아 샤워할 때 물이 밖으로 많이 튀어 곰팡이가 심했어요. 조식 공간도 불편했는데, 식기가 계속 밀리고 패드도 부족했어요. 전반적으로 청결도가 떨어졌습니다.",0.02,0.04,0.14,0.19,0.02,0.02,"서울, 송파구 올림픽로 448"
서울 리베라 호텔,서울,"지하철 7호선과 가까워 교통이 편리하고, 깨끗하게 관리된 쾌적한 호텔이었어요. 친절한 직원들과 넓고 전망 좋은 욕실, 훌륭한 수영장 시설까지 완벽했습니다. 버스 정류장도 바로 앞이라 더욱 편리했죠.","오래된 호텔이라 객실 인테리어는 다소 낡았지만, 나름대로 분위기가 있었어요. 하지만 난방이 잘 안 되서 추웠고, 세면대 수전이 냉온수 따로라 불편했네요. 샤워기는 일체형이었구요.",0.02,0.03,0.2,0.21,0.12,0.06,"서울, 강남구 영동대로 737"
신라스테이 부산 김해 공항 (녹산),부산,"용두산공원 바로 아래라 위치가 정말 최고였어요! 쇼핑하고 저녁 먹고 산책하기에 깡통시장, 국제시장, 자갈치시장, 남포동 먹자골목까지 다 가깝고 편했어요. 주변 관광지 접근성이 너무 좋아서 좋았습니다.","낡은 건물이라 물맛도 이상하고, 청소 상태도 좋지 않아 불쾌했어요. 주차장이 너무 좁아서 주차하기도 힘들었고, 콘센트 위치도 불편했네요. 심한 페인트 냄새 때문에 머리가 아팠고, 다시는 오고 싶지 않아요.",0.06,0.02,0.66,0.54,0.36,0.3,"부산, 강서구 명지국제7로 38"
신라스테이 강남 역삼,서울,"호텔 위치가 너무 좋았고, 직원분들이 친절해서 체크인/체크아웃도 빨리 끝났어요.  덕분에 편하게 여행 시작/마무리할 수 있었답니다. 최고!","객실 향이 너무 강해서 머리가 아프고 속이 메스꺼웠어요. 조식도 좀 단조롭고, 가격 대비 만족도는 보통이었네요. 3주 넘게 머물렀는데, 특별한 혜택은 없어서 아쉬웠습니다.",0.02,0.02,0.22,0.15,0.12,0.03,"서울, 언주로 517"
신라스테이 구로 - 구로 디지털단지역,서울,"직원들이 정말 친절하고, 요청사항에도 바로 대응해줘서 좋았어요. 깨끗하고 위치도 편리했고, 특히 12,000원에 즐길 수 있는 조식 뷔페가 가성비 최고였습니다! 토요코인인데 아침 메뉴가 매일 달라서 좋았습니다.","단체 손님이 많아 원하는 날짜에 예약하기 어렵고, 새벽에 옆방 소음이 심했어요.",0,0.02,0.28,0.31,0.17,0.13,"서울, 동작구 시흥대로 596"
신라스테이 광화문 명동,서울,"인사동이 가까워 밤늦도록 관광하기 좋았고, 근처 맛집도 많아서 편리했어요. 아침 식사도 종류가 다양하고 직원들이 친절해서 정말 만족스러웠습니다. 전반적으로 위치와 서비스 모두 최고였어요!","가족여행이라 짐이 많았는데, 호텔 지하 주차장에서 객실까지 이동하는 길을 찾느라 애먹었어요. 방까지 가는 길이 너무 복잡했어요.",0.03,-0.01,0.31,0.22,0.17,0.06,"서울, 종로구 수송동 51-8"
신라스테이 해운대 벡스코,부산,"부킹닷컴으로 예약했는데, 체크인 때 친절한 직원분(이유리님)이 고층 바다 전망의 넓은 방으로 업그레이드해주시고 미니바까지 무료로 이용하게 해주셨어요. 정말 감사했습니다!","부산 신라스테이, 위치는 좋았지만 호텔 시설이 다소 낡아서 아쉬웠어요. 특히 조식은 시간이 짧아서 매번 줄을 서서 기다려야 했네요. 다음엔 다른 곳을 이용할 것 같아요.",0,0.02,0.25,0.19,0.05,0.07,"부산, 해운대구 해운대로570번길 46"
신라스테이 마포 홍대,서울,신라스테이를 계속 이용하는 이유는 다른 비슷한 호텔들보다 음식이 훨씬 맛있기 때문이에요. 정말 맛있어서 자꾸 찾게 되네요!,급하게 예약해서인지 체크인 시간이 너무 오래 걸렸어요. 게다가 옷장 서랍에서 쓰레기까지 발견해서 기분이 많이 상했네요. 다시 찾고 싶은 호텔은 아니에요.,0.01,0.02,0.3,0.26,0.14,0.1,"서울, 마포구 마포대로 83"
신라스테이 삼성 코엑스센터,서울,"삼성역 바로 옆이라 위치가 정말 좋았고, 멋진 전망의 룸에 배정받아 더욱 만족스러웠어요. 조용하고 편안한 분위기에서 쉴 수 있었고, 호텔 시설도 깨끗해서 좋았습니다. 다시 방문하고 싶을 만큼 최고의 위치와 쾌적한 환경이었어요.",호텔 빨래방은 카드 결제가 안 돼서 현금만 사용해야 하는 불편함이 있었어요. 게다가 건조기 성능도 좋지 않았습니다.,0.01,0,0.24,0.18,0.1,0.06,"서울, 강남구 영동대로 506"
신라스테이 서초 강남역,서울,직원들이 친절해서 기분 좋았어요. 객실도 깨끗하고 욕실도 사용하기 편리하게 잘 꾸며져 있었네요. 어메니티도 좋았습니다.,"화장실에서 하수구 냄새가 심해 방을 바꿔야 했고, 방이 너무 추웠어요. 욕조와 샤워기 사용 시 물이 많이 튀었는데, 방수벽이 좀 더 넓었으면 좋았을 거 같아요. 욕조 청소도 미흡했고, 헬스장 런닝머신 상태도 확인했어야 했네요.",0.01,0.02,0.22,0.23,0.12,0.07,"서울, 서초구 효령로 427"
신라스테이 서대문 서울역,서울,"서대문역 7, 8번 출구 바로 앞이라 교통이 무척 편리했어요. 조용하고 편안한 객실에서 잘 쉬었고, 맛있는 조식까지 완벽했습니다! 정말 위치도 좋고 편안한 호텔이었네요.","주차는 타워식이라 불편했고, 별도의 주차비까지 내야 해서 아쉬웠어요. 로비에 캐리어가 많아서 이동이 조금 불편했던 점도 있네요. 손님이 많아 복잡했던 것도 감안해야 할 것 같아요.",0.02,0.03,0.38,0.29,0.14,0.12,"서울, 서대문구 미근동 163"
신라 스테이 여수 엑스포역,여수,"신라스테이는 역에서 가까워 이동이 편했고, 멋진 전망까지 더해져 정말 편안하게 쉬었어요. 맛있는 조식과 친절한 직원들 덕분에 다음에도 꼭 다시 오고 싶네요!","신라스테이 주변은 조용했지만, 주차 공간이 부족해서 늦은 시간에는 호텔 앞에 주차해야 할 수도 있었어요. 직원분들이 친절하게 안내해주셔서 불편함은 없었지만, 근처에 특색 있는 식당이 없어 아쉬웠습니다.",0.01,0.01,0.16,0.16,0.11,0.09,"여수, 수정3길 8"
신신호텔 천지연,제주,"두 번째 혼자 여행인데, 친절한 여자 직원분들 덕분에 편안하게 잘 지냈어요. 직원분들이 세 분이나 계셨는데, 정말 친근하고 따뜻하게 대해주셔서 좋았습니다.","다만 제주도 특성상 벌레가 좀 있으니, 벌레퇴치 준비는 필수입니다. 엘리베이터가 너무 적어서 늘 기다려야 하고, 흡연실이 부족해서 흡연객과 비흡연객 모두 불편을 겪고 있어요. 2년째 이용 중인데, 흡연 관련 시설 개선이 절실합니다. 좀 더 편리하게 이용할 수 있도록 개선되었으면 좋겠어요.",0.02,0.03,0.18,0.17,0.1,0.09,"서귀포, 서문로 42-1"
신신호텔 제주공항,제주,"공항과 가까워 이동이 편리하고, 호텔 내부도 깨끗하게 관리되어 좋았어요. 주변에 음식점과 편의점 등 편의시설이 잘 갖춰져 있어서 더욱 편리했네요. 시내 관광에도 좋은 위치라 강력 추천합니다!","객실은 깨끗했지만, 수도꼭지나 샤워기, 전기포트 등이 오래되어서 불편했어요. 특히 전자키가 말썽이라 좀 신경 쓰였네요. 낡은 비품 교체가 시급해 보입니다.",0,0.04,0.18,0.12,0.07,0.04,"제주, 도령로 124"
신신호텔 제주오션,제주,"직원들이 친절하고 방도 넓고 TV도 커서 좋았어요. 주차 공간도 넉넉해서 편했고, 가성비 최고라 제주도 갈 때마다 이용하는 곳이에요. 레스토랑도 훌륭했답니다!","오션팰리스 호텔(현 신신호텔) 단골이었는데, 방 두 개를 예약했더니 2층과 10층에 나뉘어 배정되었어요. 층수 차이 때문에 문이 계속 열리는 바람에 불편했습니다.",0.02,0.01,0.03,0.06,0.01,0.01,"서귀포, 제주특별자치도 서귀포시 중앙로 14"
신신호텔 제주월드컵,제주,"제주 신도시에 위치해 시내 이동이 편리하고 조용하며 깨끗한 호텔이었어요. 호텔 내 편의점이 있어 편했고, 주중 할인으로 저렴하게 이용했네요. 근처 공원에서 산책하며 운동하기도 좋았답니다!","서귀포 신신호텔 조식이 너무 형편없었어요. 남은 음식과 냄비 등이 그대로 방치된 듯 지저분했고, 억지로 먹을 만큼만 접시에 담았습니다. 조식 포함 상품이었지만 기대 이하였네요.",0.03,0.01,0.2,0.13,0.1,0.1,"서귀포, 서호중로 55"
신신호텔 서귀포,제주,올레시장과 이중섭거리가 바로 옆이라 관광하기 최고! 호텔 앞 편의점과 주차장까지 완벽해서 편리했어요. 가격 대비 위치와 편의시설 모두 만족스러운 숙소였습니다. 전반적으로 깔끔하게 이용했습니다.,"객실 곳곳에 약간의 청소가 필요한 부분이 보였지만, 소독 티슈로 닦으니 괜찮았어요.",0,0.03,0.3,0.21,0.08,0.1,"서귀포, 태평로371번길 18"
신화관 제주신화월드 호텔 앤 리조트,제주,산 속 조용한 곳에 위치해 맑은 공기와 편안한 휴식을 만끽하기 좋았어요. 다양하고 맛있는 조식과 친절한 직원들까지 완벽한 숙소였습니다. 힐링 여행을 위한 최고의 선택이었어요!,"비 오는 날 숙박했는데, 빗소리가 너무 시끄러워 잠 못 이뤘어요. 주변에 편의시설이 전혀 없어서 차로 이동해야 하는 불편함이 있었지만, 그 외에는 괜찮았습니다.",0,0,0.27,0.38,0.09,0.22,"서귀포, 신화역사로 304번길 38"
시그니엘 서울,서울,"잠실역과 가까워서 접근성이 좋았고, 호텔 시설이 최고였어요. 직원들이 정말 친절했고, 라운지와 피트니스 시설도 만족스러웠습니다. 모든 면에서 완벽한 호텔이었어요!","가격이 다소 높았고, 조식은 종류가 부족해 선택지가 적어 아쉬웠어요. 라운지 해피아워 시간도 좀 더 길었으면 좋겠네요. 조식당 대기시간도 길었구요.",0.01,0.01,0.32,0.37,0.15,0.2,"서울, 송파구 올림픽로 300"
심플스테이 호텔 인 종로,서울,"익선동 바로 옆이라 밤에 산책하기 좋았고, 지하철 3호선 역이랑 가까워서 교통도 편리했어요. 조식도 맛있었고요! 위치 최고였습니다.",화장실이 샤워실과 변기가 분리되어 있지 않아 불편했어요. 샤워부스와 변기가 분리된 구조면 더 좋을 것 같습니다. 다음번에는 개선되었으면 좋겠네요.,0.02,-0.01,0.47,0.46,0.13,0.18,"서울, 종로구 수표로26길 11"
스카이베이 호텔 경포,강릉,"중앙시장이 걸어서 갈 수 있을 만큼 시내 중심에 위치해 편리했어요. 아침 식사는 6시 30분부터 15층 식당에서 즐길 수 있는데, 전망은 조금 아쉬웠지만 맛은 괜찮았습니다. 택시 이용 시에는 6000원 정도면 충분하고, 강릉 여행에 좋은 위치였어요. 고층 객실은 멋진 전망을 자랑하지만, 테이블이 없고 욕실과 화장실이 분리되지 않아 다소 불편할 수 있어요.","대형차는 별도 주차장을 이용해야 하고, 식당 메뉴는 다양하지 못한 편이었답니다.",0,0.01,0.13,0.12,0.03,0.04,"강릉, 해안로 476"
소피텔 앰배서더 서울 호텔 & 서비스드 레지던스,서울,"올림픽 체조경기장, 예술의전당 공연 관람 시 숙소로 최고예요! 깨끗하고 편리한 위치는 물론 직원들도 친절해서 정말 만족스러웠습니다.  다음에도 꼭 다시 이용할 거예요. 전반적으로는 매우 만족스러운 숙박이었어요.","욕조 배수가 약간 불편했지만, 나머지는 정말 완벽했어요! 엘리베이터는 조금 헷갈렸고, 레지던스 투숙객은 수영장을 하루 한 번만 이용할 수 있는 점이 조금 아쉬웠습니다.",0,0.01,0.21,0.27,0.08,0.13,서울 송파구 잠실로 209
솔라리아 니시테츠 호텔 서울 명동,서울,깨끗하고 편리한 욕실 덕분에 숙박 만족도가 매우 높았어요. 마치 5성급 호텔 레스토랑에 온 것 같은 기분이었답니다. 정말 좋았습니다!,"주말이라 그런지 고층 객실을 못 구했는지, 4시 넘어 체크인했더니 요청사항이 반영되지 않아 주차는 남편이 따로 했어요. 객실 천장이 낮아서 좀 답답했네요.",0.08,0.01,0.52,0.41,0.31,0.19,"서울, 중구 명동8길 27"
솔라고 명동 호텔 앤 레지던스,서울,"시몬스 침대라 숙면을 취할 수 있었고, 풀옵션 주방까지 갖춘 레지던스라 편리했어요. 서울 시내에 위치해 가성비도 좋았고, 객실 크기와 화장실도 넓어서 만족스러웠습니다. 장기 투숙하기에도 딱 좋을 것 같아요. 직원의 도움이 필요했는데 친절하게 응대해주었어요.","명동과는 거리가 좀 있지만, 호텔 자체는 무난했습니다. 로비에 잠깐 쉴 수 있는 의자나 소파가 있으면 더 좋겠어요.",0,0.01,0.58,0.46,0.34,0.3,"서울, 중구 충무로2길 9"
소노캄 여수,여수,"오동도와 해상 케이블카가 도보 거리에 있어 위치가 정말 좋았어요. 객실도 깨끗하고 잘 정돈되어 있었고, 특히 침대가 편안해서 어머니도 만족하셨어요. 무료 미니바까지 제공되어 더욱 좋았습니다.","바다 전망 룸은 기대에 못 미쳤어요. 주차는 호텔 외부에 있어 늦은 시간엔 자리 확보가 어려울 것 같고, 아쿠아플래닛까지는 걸어서 다소 시간이 걸립니다. 전반적으로 아쉬운 점이 있었네요.",0,0.03,0.15,0.14,0.05,0.08,"여수, 오동도로 111"
소리풍경,전주,"한옥마을 안에 위치해 접근성이 좋았고, 아늑한 마당이 있는 숙소였어요. 특히 흑임자죽과 빵이 너무 맛있어서 잊을 수 없네요! 겨울에 방문했는데 공영주차장과 가까워 편리하게 이용했습니다. 아이들과 함께 즐겁게 지내기엔 충분히 좋았어요. 아이들과의 가족여행 숙소로 추천할 만합니다.","방이 다소 작고 어두워서 책 읽기는 어려웠지만, 다만 방마다 난방 온도 차이가 커서 조금 아쉬웠네요.",0.12,0,0.43,0.43,0.14,0.04,"전주, 완산구 태조로 12-5"
소테츠 프레사 인 서울 명동,서울,"명동역과 을지로입구역에서 도보 5분 거리라 위치가 정말 좋았어요! 객실도 깨끗하고 시설도 훌륭했고, 무엇보다 직원분들이 친절해서 기분 좋았습니다. 강추합니다!","명동 한복판이라 관광객이 많고 방이 좁아 캐리어 놓으면 움직이기 힘들 정도였어요. 조식 포함하면 9천 원 쿠폰을 주는데, 사용 가능한 곳이 몇 군데 한정적이었던 점도 아쉬웠습니다.",0.04,0.02,0.45,0.34,0.22,0.16,"서울, 중구 명동 2가 33-1"
소테츠호텔즈 더 스프라지르 서울 동대문,서울,"동대문역 4번 출구 바로 옆에 위치해 교통이 편리하고, 공항버스 정류장도 가까워요. 호텔 주변에 편의점도 있어서 좋았고, 2층 레스토랑의 저렴한 점심 뷔페도 괜찮았습니다.","(다만 규모는 다른 호텔에 비해 작아요.) 가격 대비 만족도는 낮았어요. 아침식사 포함 가격이었으면 좋았을 텐데, TV 화면이 너무 작았습니다.",0.02,0.04,0.66,0.53,0.35,0.2,"서울, 중구 장충단로 226"
소테츠 호텔즈 더 스프라지르 서울 명동,서울,"남대문시장, 명동, 남산, 광화문, 경복궁까지 걸어서 갈 수 있을 만큼 최고의 위치에 있어요. 관광하기에 정말 편리했어요!",침대가 좀 딱딱해서 불편했어요. 푹신한 침대를 선호하는 분이라면 조금 아쉬울 수 있겠네요.,0.03,0.01,0.46,0.35,0.16,0.15,"서울, 중구 남대문로5길 15"
스페이스앤무드,부산,"깨끗하고 편안한 데다 조용해서 정말 좋았어요. 특히 복층 구조라 침실 두 개 분위기 모두 좋았고, 카페까지 바로 올라갈 수 있어서 편리했네요.",공휴일이라 주차 관리인이 없어 서비스 요청 후 업체 방문까지 오래 기다려야 했어요. 시설에 비해 가격이 조금 비싼 편이었고요. 개선이 필요한 부분이네요.,-0.01,0.03,0.44,0.38,0.24,0.14,"부산, 부산진구 새싹로 22-1"
세인트존스 경포호텔,강릉,"가족 네 명이 묵기에 넓고 깨끗한 방 두 개가 있어서 좋았어요. 일출이 아름다웠고, 근처 맛집들이 많아서 식사도 편리했답니다. 가족 여행객에게 정말 추천할 만한 숙소였어요!","엘리베이터가 너무 느려서 체크인, 체크아웃 시간에 20~30분씩 기다려야 했어요. 식기류가 없어서 음식 조리가 불가능했고, 전반적으로 가성비가 떨어지는 느낌이었네요.",0,0.01,0.04,0.1,0.06,0.04,"강릉, 창해로 307"
스탠포드호텔 명동,서울,명동과 지하철역이 가까워 위치가 최고였어요! 3성급 호텔이지만 깨끗하고 쾌적해서 편안히 쉬다 왔네요. 담배 냄새도 없고 침구도 깨끗해서 정말 좋았습니다.,"방 온도 조절이 안 돼서 불편했고, 주변에 편의점이나 지하철역이 없어서 불편했습니다. 자가용 이용객은 체크인 전에 호텔에 꼭 주차 문제를 확인해야 합니다.",0.02,0.02,0.41,0.31,0.2,0.12,"서울, 중구 남대문로 84"
스탠포드 호텔 서울,서울,"상암동에 대한 추억도 새록새록 떠오르게 하는 곳이었어요. 음식 하나하나 신선하고 간도 딱 맞아서, 5성급 호텔 못지않은 훌륭한 맛을 자랑하더라고요. 가짓수는 많지 않았지만 정말 만족스러웠습니다.","호텔 위치가 애매해서 주변 편의시설 이용이 불편했어요. 이불이 다소 더워서, 여름이나 더위를 많이 타는 분들은 얇은 이불도 준비해주시면 좋겠습니다.",0.03,-0.02,0.09,0.16,0.09,0.03,"서울, 마포구 월드컵북로58길 15"
별빛 쉼터,전주,"황토방과 숯 향이 가득한 아늑한 객실에서 몸과 마음이 편안해지는 시간을 보냈어요. 넓은 공간과 개별 욕실 덕분에 더욱 편리했고, 따뜻한 온기와 은은한 나무 향이 기분까지 좋게 만들었답니다. 정말 힐링되는 숙박이었어요!","한옥마을 안에 위치해서 주차가 다소 불편할 수 있어요. 주차 공간이 협소하니, 차량 이용 시 미리 확인하는 것이 좋습니다.",0.16,0.02,0.67,0.62,0.34,0.12,"전주, 완산구 향교길 42-9"
강남 스테이 호텔,서울,"역삼역에서 도보 1분 거리라 교통이 너무 편했어요! 깨끗하고 모던한 욕실과 넓은 책상까지 업무 환경도 좋았고, 침대도 편안했습니다. 무료 주차에 늦은 체크아웃까지, 가격 대비 만족도 최고였어요!","인천공항 셔틀이 없어 불편했고, 7층 객실 샤워기 수전에서 물이 새는 문제가 있었습니다.",0.01,0,0.2,0.18,0.1,0.07,"서울, 강남구 논현로 87길 15-4"
써미트호텔 서울 동대문,서울,"셋이서 묵었는데 방이 넓고 편해서 좋았어요. 출장으로 이용하기 좋은 깔끔한 비즈니스 호텔이었지만,","1층이라 음식물 쓰레기가 좀 있었지만, 청소도 잘 되어서 만족스러웠습니다. 침구류에 머리카락이 있어 아쉬웠어요. 방음도 잘 안되고 이불 소리가 심해서 잠을 설칠 수도 있겠더라고요.",0.04,0.08,0.36,0.27,0.2,0.14,"서울, 중구 장충단로 198"
호텔썬비 인사동,서울,"아이들과 함께하는 가족 여행객에게 완벽한 곳이었어요. 아이들을 위한 시설이 잘 갖춰져 있고,  호텔 자체가 가족 여행객을 위해 설계된 느낌이었어요. 화장실이 따로 있어서 좋았지만,",너무 작고 비데가 없어 불편했어요. 좁은 공간이 아쉬웠네요.,0.13,0.01,0.6,0.56,0.29,0.27,"서울, 종로구 인사동 7길 26"
성심 한옥 게스트하우스,전주,"깨끗하고 관리 상태가 좋은 호텔이었어요. 다양한 과일과 커피, 토스트가 제공되는 조식도 만족스러웠고, 특히 한옥마을에 위치해 관광하기 편리했어요. 따뜻한 온돌 바닥도 굿! 나머지는 다 좋았습니다.",화장실이 조금 좁아서 샤워하기가 불편했어요. 친구들끼리 간다면 화장실 크기 꼭 확인하세요!,0.13,0,0.71,0.77,0.36,0.05,"전주, 완산구 은행로 30-3"
썬라이즈 호텔 속초,속초,"속초 중앙시장과 청초호, 아바이마을이 도보 거리에 있어 관광하기 편리했고, 설악산 등반도 쉽게 다녀올 수 있는 최고의 위치였어요. 특히 호텔에서 보이는 뷰가 정말 환상적이었답니다!",주차장이 부족해서 지하 주차장 만차 시 멀리 떨어진 야외 주차장 이용해야 하는 불편함이 있었어요. 호텔 설명과 달리 조식이 제공되지 않아 실망스러웠고요. 소음 문제도 있었네요.,-0.01,-0.01,-0.02,-0.02,-0.01,-0.06,"속초, 청초호반로 291"
"스위스 그랜드 호텔 & 그랜드 스위트 (구, 그랜드 힐튼 호텔)",서울,"넓고 쾌적한 숙소였어요. 세월의 흔적은 느껴졌지만, 서울 도심 속 넓은 정원에서 평화로운 시간을 보냈습니다. 다시 방문하고 싶을 정도로 좋았어요!","수영장이 운영되지 않아 아쉬웠고, 호텔 시설 곳곳이 문을 닫아 이용에 불편함이 있었습니다. 특히 조식 뷔페의 음식 종류가 너무 적어 실망스러웠습니다.",0.01,0,0.02,0.03,-0.03,0.02,"서울, 서대문구 연희로 353"
"더 플라자 서울, 오토그래프 컬렉션",서울,"서울 중심에 있는 프리미어 스위트룸은 넓고 거실과 침실에 각각 TV가 있어 편리했어요. 방도 넓어서 좋았고, 무엇보다 직원들이 정말 친절했습니다. 다음에도 꼭 다시 이용하고 싶어요!","예약 이름이 이상하게 적혀 있어서 체크인 때 좀 헤맸어요. 방도 뭔가 아쉬운 점이 있었고, 조식은 그냥저냥 평범했네요. 다음엔 욕실 딸린 방으로 예약해야겠어요.",0.03,0.01,0.62,0.6,0.18,0.29,"서울, 중구 소공로 119"
앰배서더 서울 풀만 호텔,서울,"설 연휴(2월 11일)에 묵으셨던 고객님께 감사드립니다. 깨끗한 시설과 친절한 서비스, 맛있는 조식에 만족하셨다니 기쁩니다.","이그제큐티브 라운지 커피머신이 고장이 잦아 교체가 시급해 보였고, 체크인 직원의 불친절함이 아쉬웠습니다. 전반적으로 괜찮았지만, 주말과 주중 라운지 음식이 달랐던 점은 조금 아쉽네요. 호텔 이미지 관리에도 신경 써야 할 부분 같습니다.",0,0.08,0.42,0.48,0.15,0.25,"서울, 중구 동호로 287"
더 뷰티 호텔,강릉,"아이와 함께 가족여행하기에 정말 좋은 호텔이었어요. 깨끗하고 조용해서 편히 쉴 수 있었고, 수영장, 온천, 키즈카페 등 놀거리가 풍부해서 아이도 지루해하지 않았답니다. 호텔 내 편의시설이 잘 갖춰져 있어서 편리했지만,","해변은 사람이 많아서 수영하기는 조금 어려웠어요. 콘센트가 부족해서 불편했고, 엘리베이터가 붐볐어요. 방음도 너무 안 돼서 옆방과 맞은편 방 소리가 다 들렸습니다. 특히 동남아 여행객을 위한 서비스 개선이 필요해 보여요.",0,0.04,0.05,0.06,-0.01,0.04,"강릉, 옥천로62번길 19"
더클래식500 펜타즈 이그제큐티브 레지던스,서울,장기 여행객에게 꼭 필요한 세탁기와 건조기가 잘 갖춰져 있어 편리했어요. 8층 룸에서 친절한 청소 직원분 덕분에 불편함 없이 쾌적하게 머물렀습니다. 특히 밝은 미소와 빠른 응대가 인상적이었어요.,"직원들은 친절했지만, 주차장에서 로비를 찾는 전화를 했을 때 응대가 다소 불친절했습니다. 수영장 이용이 안 돼 아쉬웠고, 투숙객에게는 1회 무료 이용 혜택이 있으면 좋겠어요.",0.01,0,0.26,0.2,0.09,0.12,"서울, 광진구 능동로 90"
더그랜드호텔 명동,서울,"장기 여행에 필요한 세탁 시설이 잘 갖춰져 있었고, 직원의 친절한 서비스 덕분에 편안하게 지냈다.","nan 수건을 요청했는데 직원이 무표정하게 네 명분만 가져다줘서 당황했습니다.  어른 넷, 아이 하나인데 아이 수건은 무료라도 적어도 네 명분은 준비해야 하는 거 아닌가 싶어요.  다섯 명인데 수건이 부족했던 점이 아쉽습니다.",0.05,0,0.45,0.26,0.23,0.11,"서울, 중구 명동 8가길 38"
더 그랜드 섬오름,제주,"아이들이 놀기에 최고였어요! 넓고 예쁜 야외 수영장이 바로 앞에 있고, IB 해변도 가까워서 위치가 정말 좋았습니다. 객실도 넓고 편리했고, 바다와 한라산 전망까지 즐길 수 있어서 더 좋았네요. 조식도 맛있었구요!",창문이 좀 더러워서 아름다운 뷰가 가려지는 게 아쉬웠어요. 창문 청소를 자주 해주시면 훨씬 더 멋진 경치를 즐길 수 있을 것 같아요.,0.04,0.02,0.33,0.32,0.2,0.32,"서귀포, 서귀포시 막숙포로 118"
더 하우스 호스텔,속초,"시외버스터미널, 오징어난전, 영랑호, 아바이마을까지 걸어서 갈 수 있을 만큼 위치가 좋았어요. 호스트 분이 친절하시고 속초에 대해서도 많은 정보를 주셔서 여행 계획 짜는 데 정말 도움이 됐어요! 덕분에 편하고 즐거운 여행이었답니다.","오래된 건물이라 시설이 다소 낡았지만, 이국적인 분위기는 좋았어요. 화장실 배수가 살짝 느리고, 주차장에서 프런트로 가는 길 찾기가 어려웠네요. 그리고 조식이 제공된다고 해서 예약했는데, 실제로는 없어서 아쉬웠습니다.",0.07,0.07,0.75,0.68,0.37,0.16,"속초, 중앙로205번길 5"
더 제이드 호텔,제주,"공항 근처라 편리했고, 가격 대비 객실 상태가 매우 만족스러웠어요. 직원들도 친절했고, 짐 보관도 가능해서 좋았답니다. 특히 뜨끈한 온돌 바닥과 편안한 침대, 깨끗한 객실이 인상적이었고 조식 샌드위치도 괜찮았어요.",전기차 충전은 호텔에서 7분 거리의 작은 주차장을 이용해야 해서 불편했어요. 주차 공간이 협소해서 주차타워를 사용해야 하는 점도 아쉬웠습니다.,0.03,0.02,0.37,0.36,0.23,0.24,"제주, 관덕로15길 7-1"
더프리마호텔 종로,서울,"시내 중심에 위치해 접근성이 좋았고, 객실 청결 상태도 만족스러웠어요. 필요한 물품들이 편리하게 배치되어 있었고, 샤워 수압도 아주 좋았습니다. 전반적으로 깨끗하고 편안한 숙박이었어요.","샤워실 배수가 잘 안 돼 불편했고, 방 크기가 조금 작았어요. 벽지 본드와 페인트 냄새가 심해서 창문 열고 잤을 정도였고, 주말 가격은 너무 비싼 감이 있었네요.",0.1,0.05,0.63,0.61,0.32,0.23,"서울, 종로구 우정국로 46"
더 리센츠 동대문호텔,서울,직원들도 친절하고 시설도 훌륭해서 3성급이라고는 믿기지 않을 정도였어요. 지하철역이랑 가까워서 이동하기도 편했고요. 정말 만족스러운 숙박이었네요!,"흡연 공간이 없어 흡연객에겐 불편했고, 객실에 충전기가 없었어요. 베개 높이 선택이 안 돼서 불편했습니다. 낮은 베개 요청도 거절당했네요.",0.01,0.02,0.19,0.15,0.1,0.08,"서울, 동대문구 천호대로 383"
더 리버사이드 호텔,서울,"쓰리베드룸이라 넓고 편했고, 예술의 전당이랑 신사역이 가까워서 이동이 편리했어요. 특히 한강뷰가 정말 좋았고, 근처 스트레지샵 덕분에 침구도 편안해서 푹 잤어요. 수영장도 이용했는데 만족스러웠습니다.","호텔 예약 시 이틀치를 미리 예약하고, 오후 1시 반 체크인 가능 여부를 사전에 문의했지만, 직원의 대응이 다소 미흡했습니다. 정해진 체크인 시간보다 훨씬 일찍 도착했음에도 불구하고, 친절한 안내나 다른 대안 제시 없이 당황하는 모습만 보여 아쉬웠습니다.",-0.03,0.01,0.07,0.03,-0.03,0.01,"서울, 서초구 강남대로107길 6"
제주신라호텔,제주,"산 속에 위치해 조금 외지지만, 멋진 전망과 친절한 직원, 깨끗한 시설이 인상적이었어요. 조식은 종류는 많지 않지만 맛있는 빵과 함께 충분했고, 투숙객 할인까지 받으니 가격도 괜찮았습니다. 특히 봄, 여름, 가을에 방문하면 더욱 좋을 것 같아요! 물놀이를 좋아한다면 여름 방문을 추천합니다!",겨울에는 야외 수영장이 추워서 아쉬웠어요. 실내 수영장 규모도 작은 편이라 여름에 가서 수영장을 제대로 즐기는 게 좋을 것 같네요.,0,0.01,0.06,0.1,0.03,0.14,"서귀포, 중문관광로 72번길 75"
서울신라호텔,서울,"신라호텔 특유의 깔끔함과 친절함에 감탄했습니다. 파크뷰 접근성도 좋았고, 조식 뷔페는 품격 있는 음식들로 가득해 정말 만족스러웠어요. 직원들의 서비스 또한 최고였습니다!","호텔 레스토랑 저녁 식사는 가격이 너무 비쌌어요. 1층 파크뷰 뷔페는 1인 19만원이나 했고, 간단히 먹으려던 저희 부부에겐 메뉴 선택과 가격 모두 아쉬웠습니다. 다음번엔 밖에서 저녁을 해결해야겠어요.",0.01,0,0.26,0.35,0.1,0.19,"서울, 중구 동호로 249"
더 스테이 클래식 호텔 명동,서울,"깨끗하고 새 건물이라 모든 시설이 만족스러웠어요. 역과 가까워서 대중교통 이용이 편리했고, 객실도 넓고 수납공간도 충분했네요. 뷰도 좋았고, 스타일러와 세탁기까지 있어서 더욱 편리하게 지냈습니다. 혼자 여행이었다면 불편했을 것 같지만, 가격 대비 괜찮아서 감수할 만했습니다.",화장실 문이 잘 안 잠겨서 밖에서 열어줘야 할 때가 있었어요.,0.02,0.03,0.46,0.3,0.22,0.17,"서울, 중구 남대문로 27"
더 스테이 호텔 명동,서울,"명동역과 가까워서 위치가 정말 좋았어요. 서울역, 충무로역도 가까워서 이동하기 편리했고요.","방이 너무 작아 샤워부스가 불편했고, 침대 시트에 얼룩이 있어 청결 상태가 심히 불만족스러웠습니다. 다른 외국인들에게도 좋지 않은 인상을 줄 수 있을 정도였습니다. 전반적으로 청결도가 매우 떨어졌어요.",0,0.02,0.22,0.16,-0.01,0.11,"서울, 중구 명동 8가길 31"
스위트 호텔 제주,제주,"제주 파르나스 호텔에서 두 가족이 함께 즐거운 호캉스를 보냈어요. 클럽 듀플렉스룸과 라운지 이용, 그리고 맛있는 조식까지 완벽한 구성이었죠. 언제든 맛있는 음식을 즐길 수 있어서 정말 좋았답니다! 하지만 야외 온천까지 갖춘 점은 정말 좋았습니다. 전반적으로는 야외 온천 덕분에 만족스러웠지만,","뷔페르나스 호텔은 GS25 편의점 라면을 팔지 않아 아쉬웠고, 직원 서비스도 다른 5성급 호텔보다 부족한 점이 있었어요. 편의점과 서비스는 개선이 필요해 보여요.",0.01,0.01,0.24,0.28,0.12,0.25,"서귀포, 중문관광로72번길 67"
더 가든 호텔,서울,"인천공항에서 버스로 편하게 갈 수 있고, 가성비 좋은 호텔이에요. 아침 커피도 제공되고 난방도 잘 되어서 좋았어요. 위치도 최고였습니다!","밤 11시에 체크인했는데, 콘센트가 부족했고 객실 청결 상태가 좋지 않았어요. 낡은 화장실과 불편한 샤워 시설도 문제였고, 역에서 조금 떨어져 있어 밤에 찾기 어려웠습니다.",0.02,0.06,0.41,0.36,0.11,0.14,"서울, 종로구 돈화문로11나길 63"
토요코인 부산 해운대 2,부산,"오랜만에 한국에 와서 편안하고 즐거운 시간을 보냈어요. 직원들이 친절하게 맞이해줘서 기분 좋았고, 해운대 해변과 시내와 가까운 위치도 정말 좋았습니다. 깨끗하고 청결한 데다 조식까지 맛있어서 완벽한 휴가였어요!",해운대 근처라 주차가 힘들었어요. 좁은 일본식 호텔이라 변기나 문 등이 다 작아서 불편했습니다. 전반적으로 공간이 협소했네요.,0,0.03,0.18,0.18,0.09,0.04,"부산, 해운대구 해운대해변로237번길 5"
토요코인호텔 대구 동성로점,대구,"대구마라톤 대회 기간에 혼자 여행하며 묵었던 호텔이었는데, 객실 청결 상태가 정말 훌륭했어요. 가성비 좋은 싱글룸이라 혼자 쓰기에 딱 좋았고, 편의시설 위치도 편리했습니다. 다음에 대구에 또 간다면 재방문 의사 100%입니다!","매년 이용하는 단골 호텔인데, 주차장이 협소하고 유료라서 주차 자리 확보가 어려워요. 특히 최근 여행객이 많아져서 주차 문제가 더 심각해졌네요. 아쉬운 부분입니다.",0.01,0.01,0.14,0.14,0.09,0.04,"대구, 중구 동성로1길 15"
토요코인 서울 동대문 2,서울,"지하철역 바로 앞이라 교통이 너무 편했어요! 주변에 맛집이며 마트며 없는 게 없어서 정말 좋았고, 가격 대비 만족도 최고였습니다. 다음에도 또 이용할 거예요! 나머지는 기본적인 편의시설도 잘 갖춰져서 좋았어요. 전반적으로 만족스러운 숙박이었습니다.","동대문2호점은 로비에서 조식을 먹으니 좀 복잡했지만,",0.03,0.05,0.37,0.35,0.19,0.1,"서울, 퇴계로 325"
토요코인 서울강남,서울,"가격 대비 정말 훌륭한 호텔이었어요! 특히 맛있는 한식 조식이 인상 깊었고, 객실 청소 상태도 매우 깨끗해서 기분 좋았습니다.  다음에도 꼭 다시 방문하고 싶네요.",해외 생활이 길어서 길 찾거나 교통 이용이 처음엔 어려울 수 있다는 점을 이해해주시면 좋겠어요.  낯선 곳이라 길을 찾는 데 시간이 걸릴 수 있으니 너그러이 이해해주세요.,0.02,0.04,0.24,0.23,0.12,0.09,"서울, 서초구 강남대로 323"
토요코인 서울영등포,서울,"가격 대비 만족스러운 호텔이었어요. 직원들이 친절했고, 아침식사도 맛있었고요. 깨끗한 화장실과 뜨거운 물도 잘 나왔습니다. 특히 부킹닷컴 할인으로 저렴하게 이용해서 더 좋았어요!","아침 시간대 엘리베이터가 너무 붐볐어요. 두 명이서 트윈룸을 이용했는데, 의자가 부족해서 불편했고요. 체크아웃 시간이 조금 더 넉넉했으면 좋았을 것 같아요.",0.02,0.04,0.23,0.26,0.14,0.09,"서울, 영등포구 신길로 293"
트레블로지 동대문,서울,"직원들이 친절하고 가격 대비 만족도가 높았어요. 조식도 괜찮았고, 룸 컨디션도 좋아서 가성비 최고의 호텔이었네요. 다음에도 또 이용하고 싶어요!","서울 호텔 물가가 비싼 편이었고, 객실 청소 상태도 아쉬웠어요. 세면대 배수가 잘 안되고 먼지도 많았거든요. 조식은 괜찮았지만, 리필 속도가 좀 더 빨랐으면 좋았을 것 같아요.",0.03,0.03,0.47,0.4,0.18,0.21,"서울, 중구 동호로 359"
트레블로지 명동 시티홀 호텔,서울,"명동과 남대문에 가까워서 위치가 좋았고, 저렴한 가격에 조식까지 즐길 수 있어 만족스러웠어요. 직원분들이 친절하게 공항버스나 시내택시를 불러주셔서 편리하게 이용했습니다. 전반적으로 편안하고 즐거운 숙박이었어요.","화장실 문이 제대로 안 잠겨 불편했지만, 숙박 인원이 적어 문제는 없었어요. 다만, 엘리베이터에서 하수구 냄새가 나고 일회용품이 부족해 위생이 좀 아쉬웠습니다. 일회용품 절약 정책은 좋았지만, 좀 더 신경 써주셨으면 좋겠어요.",0.04,0.05,0.52,0.46,0.18,0.17,"서울, 중구 세종대로16길 22"
트레블로지 명동 을지로 호텔,서울,"지하철역 바로 앞이라 위치가 정말 좋았고, 가격 대비 깨끗하고 와이파이도 잘 터져서 편리했어요. 방도 깨끗하게 관리되어 있었고, 필요한 시설도 잘 갖춰져 있었네요. 가성비 최고! 숙소는 전반적으로 만족스러웠지만,","샤워실 배수가 조금 불편했어요. 조식은 별도였지만 쿠폰을 받아 이용했는데, 냉동 팝콘치킨이나 해물완자 같은 메뉴는 개선이 필요해 보였습니다.",0.01,0.02,0.43,0.3,0.16,0.17,"서울, 중구 수표로 61"
UH 플랫 시그니처 대구,대구,"동대구역이 바로 근처라 이동이 편했고, 편의시설 이용도 좋았어요. 덕분에 대구 여행이 더 편리했고, 다음에 대구에 오면 또 묵고 싶네요! 강력 추천합니다.",호텔 주차장이 건물과 연결되지 않아 어둡고 관리가 부실해 이용이 불편했습니다. 특히 야외 주차장은 관리가 제대로 되지 않아 차량 보관이 걱정될 정도였어요. 주차 시스템 개선이 필요해 보입니다.,0.01,0,0.17,0.15,0.09,0.09,"대구, 동구 동부로26길 6"
을지로 코업 레지던스 동대문,서울,"공항버스 정류장이 바로 앞이라 이동이 편하고, 근처에 편의점도 세 곳이나 있어 정말 편리했어요. 가격도 저렴해서 한국 갈 때마다 애용하는 곳입니다!","인터넷 쇼핑이 편리해서 택배 보관 서비스가 있으면 더 좋겠어요. 다만, 샤워기 수압이 너무 약해서 불편했네요.",0.01,0.02,0.34,0.23,0.11,0.12,"서울, 중구 을지로 246"
한옥혜윰,전주,전주역 바로 앞이라 위치가 정말 좋았어요. 역 근처 파출소와 호텔 뒤편의 큰 개 덕분에 안전도 믿음직했고요. 특히 사장님 내외분의 친절함이 기억에 남네요!,,0.02,0.09,0.75,0.82,0.56,0.09,"전주, 완산구 향교길 42-5"
어반스테이 속초등대해변,속초,"가성비 최고! 깨끗하고 바다 전망도 끝내줘요. 세탁기와 건조기까지 있어서 장기 투숙객에게 정말 편리할 것 같아요. 영랑호도 보이고 완전 만족! 하지만 베란다 유리문 방음은 정말 좋았고, 덕분에 붐비는 것을 어느 정도 피할 수 있었네요.","애완동물 동반 금지에도 불구하고 몇몇 투숙객이 애완동물을 데려와 아쉬웠고, 주차 지원이 없었던 점도 불편했어요. 설 연휴라 엘리베이터 대기 시간이 길었지만,",-0.01,0.01,0.13,0.07,0.12,0.04,"속초, 영랑해안8길11"
어반스테이 속초해변 C,속초,"속초터미널에서 걸어서 10분도 안 걸리는 곳에 위치해 정말 편리했어요. 객실은 조용하고 깨끗했고, 주차도 편하게 할 수 있었답니다.","새로 지은 건물이라 바다 전망은 없지만, 엘리베이터가 좁아 불편했어요. 두세 명 정도만 타고 캐리어 두 개 정도면 가득 차서, 엘리베이터가 하나 더 있었으면 좋겠다는 생각이 들었네요.",0.03,0.01,0.4,0.22,0.31,0.13,"속초, 해오름로195"
유탑 마리나 호텔&리조트 여수 엑스포,여수,"여수엑스포역에서 걸어서 금방이라 편했어요. 방도 화장실도 깨끗했고, 뜨거운 물도 잘 나왔습니다.","오후 3시 체크인이라 시간이 애매하고, 호텔 식당이 부족해 근처 식당을 이용해야 하는 불편함이 있습니다. 1인 3만원(소인 2만1천원)이라는 가격에 비해 선택지가 다소 부족하게 느껴질 수 있어요.",0.01,0,0.07,0.04,0.03,0.04,"여수, 오동도로 61-15"
벤티모 호텔 앤 레지던스 제주,제주,"공항 근처 번화가에 위치해 접근성이 뛰어나고, 호텔 앞 공영주차장 이용이 편리해서 좋았어요. 가격 대비 만족스러운 숙소였습니다.","가격 대비 만족도는 낮았어요. 옆 건물과 너무 가까워 창문 열기가 불편했고, 객실 곳곳에 먼지가 눈에 띄었거든요. 게다가 냉장고 냉동 기능도 고장 나 있었어요.",0.01,0.07,0.22,0.13,0.08,-0.01,"제주, 연삼로 14"
비스타케이 호텔 월드컵,제주,"깨끗하고 밝은 조명의 새 호텔이었어요. 객실에 간이 주방까지 있어 편리했고, 로비에 있는 전자레인지도 유용하게 잘 사용했습니다. 전반적으로 만족스러웠어요!","6월 말까지 디럭스 트윈룸은 완전히 예약이 차서 구할 수 없었어요. 게다가 초중등 학생들의 겨울 훈련 기간이라 복도에 빨래가 잔뜩 널려 있어서, 정말 난장판이었어요. 돈 내고 숙박했지만 난민촌에 온 기분이었네요.",0,0.05,0.21,0.18,0.12,0.09,"서귀포, 김정문화로41번길 10-6"
WE호텔 제주,제주,"다행히 커넥팅룸 덕분에 편하게 지냈고, 가성비도 정말 좋았습니다!","제주 공항과 가까워 가족 여행 때 자주 이용했던 호텔인데, 이번엔 직장 동료들과 함께 와서 성별이 다른 동료 때문에 숙소 고르는 데 좀 애먹었어요. 주차장이 너무 좁고, 입구도 좁아서 주차하기가 정말 힘들었어요. 고층이라 엘리베이터 오는 시간도 오래 걸려 불편했네요. 주차 라인도 제대로 안 되어 있어서 더욱 짜증났습니다.",0.01,0.02,0.11,0.09,0,0.03,"서귀포, 1100로 453-95"
웨스턴 코업 호텔 & 레지던스 동대문,서울,"동대문역에서 도보 10~15분 거리에 있는 호텔 패밀리룸(4인)을 평일에 10만원에 이용했는데, 가성비가 정말 좋았어요. 부모님과 함께 광장시장과 동대문을 편하게 관광하기에도 최적의 위치였고, 2호선 지하철역과 편의점도 바로 옆에 있어서 더욱 편리했답니다. 패밀리룸은 싱글베드 두 개로 구성되어 가족이나 친구끼리 이용하기 좋았어요. 가격 대비 만족스러운 숙박이었어요.","다만 화장실 문이 유리라 소리가 다 들리는 점은 조금 신경 쓰였지만, 저희 가족은 크게 불편함 없이 잘 묵었습니다.",0.08,0.03,0.39,0.26,0.16,0.14,"서울, 중구 을지로 228"
웨스틴 조선 서울 호텔,서울,"도심에 위치해 접근성이 좋았고, 객실이 넓고 깨끗했습니다. 직원들의 서비스도 훌륭해서 모든 게 완벽한 호텔이었어요. 다시 방문하고 싶을 정도로 만족스러웠습니다. 아침 식사 선택의 폭이 넓어질 것 같습니다. 특히 클럽 라운지 이용객들에게 더욱 만족스러울 것 같네요.",어른들을 위한 조식 메뉴에 죽과 스프를 함께 제공하면 좋겠어요.,0.03,0.07,0.51,0.56,0.15,0.25,"서울, 중구 소공로 106"
윈덤 그랜드 부산,부산,"송도 근처에 일정이 있어서 처음 방문했는데, 해운대나 광안리 호텔보다 가격이 훨씬 합리적이었어요. 새 건물이라 시설도 깔끔하고 모던했고, 무엇보다 바다 전망이 환상적이었어요! 깨끗한 창문 너머로 펼쳐지는 파란 바다가 정말 아름다웠습니다.","체크아웃 후 주차장에서 호텔 협력업체 차량이 제 차를 막아 불편을 겪었습니다. 연락 후 차를 빼주긴 했지만, 사과 한마디 없어 실망스러웠습니다. 호텔 서비스 수준에 미흡한 부분이었습니다.",0.03,0.02,0.4,0.51,0.25,0.24,부산 서구 등대로 27 윈덤 그랜드 부산
와이컬렉션 by UH 플랫 오시리아,부산,"새 아파트라 깨끗하고 조용해서 정말 편안하게 쉬었어요. 침구랑 수건도 깨끗했고, 기장 근처 숙소 중 최고였어요! 호텔 위치가 좋아 관광과 맛집 탐방에 편리했어요.","매트리스만 빼면 완벽했습니다. 엘리베이터가 세 대나 있어서 붐비긴 했지만, 퇴실할 때 조금 오래 기다린 점은 아쉬웠습니다.",0.02,0.02,0.17,0.15,0.11,0.11,"부산, 기장군 기장읍 동부산관광 7로 17"
와이컬렉션 by 언바운디 경주,경주,"경주 주요 관광지(국립경주박물관, 월성지구, 동궁과 월지 등)를 도보로 이동하기 편리한 최고의 위치였어요. 편안하고 깨끗한 숙소에 정성 가득한 맛있는 조식까지 완벽했죠. 특히 한옥의 편백나무 향이 너무 좋았고, 다음 경주 여행 때도 꼭 다시 방문하고 싶어요.","한옥 특성상 옆방 소음이 들릴 수 있으니, 예민하신 분은 참고하세요. 방음에 신경 쓰는 분이라면 미리 고려해보시는 게 좋습니다.",0.02,0,0.68,0.63,0.3,0.02,"경주, 금성로 247번길 22"
유어스호텔,제주,"깨끗하고 편안한 방, 친절한 직원들, 좋은 위치에 맛있는 조식까지! 가격 대비 정말 만족스러운 호텔이었어요. 출장으로 오시는 분들께 특히 강추합니다.","밤늦도록 제주도민 워크숍 때문에 시끄러웠어요. 샴푸, 린스, 바디워시는 있었지만 치약과 빗이 없어서 불편했고, 어메니티가 부족한 느낌이었습니다. 좀 더 신경 써주셨으면 좋겠어요.",0.04,0.03,0.09,0.11,0.04,0.05,"서귀포, 천제연로 178번길 21"
양사재,전주,"한옥마을 번잡함에서 벗어나 조용한 양사재에서 편안히 잠들었어요. 주요 관광지와 가까워서 이동하기도 좋았고, 밤에는 풀벌레 소리만 들리는 정말 조용한 곳이었답니다. 덕분에 숙면을 취할 수 있었어요! 깔끔하고 편리한 숙소지만, 여러 명이 함께 이용하기엔 다소 공간이 부족해요. 두 사람이 여행하기에 아늑하고 좋았습니다. 폴란드 여행 중 부부 동반 여행객에게 추천해요.",,0.11,0.03,0.42,0.29,0.26,0.07,"전주, 완산구 오목대길 40번지"
여수 호텔 헤이븐,여수,"바다가 보이는 조용한 곳에 위치해서 힐링하기 좋았어요. 조식도 맛있고 인피니티 풀도 이용할 수 있어서 좋았고, 객실 청결 상태도 만족스러웠습니다. 특히 직원분들이 친절하고 투숙객을 위한 배려가 돋보였어요.","호텔 위치가 다리 건너편이라 걸어가는 방법을 물어봤는데, 설명이 너무 기계적이었어요. 편의점 이용 방법도 로봇처럼 딱딱하게 설명해서 불편했네요. 좀 더 친절하고 자연스러운 응대가 필요해요.",0.01,0.04,0.08,0.08,0.04,0.08,"여수, 돌산읍 진두해안길 131"
옛뜰에 한옥스테이,경주,"보문단지 근처라 위치도 좋고, 가격 대비 훌륭한 숙소였어요. 객실 청결 상태도 만족스러웠고, 무엇보다 밥이 정말 맛있었어요! 친절한 서비스까지 더해져 전반적으로 너무 좋았습니다.","가성비는 좋았지만, 객실 청소 상태가 썩 좋지 않았고, 전기차 충전이 안 돼 불편했어요. 샤워 부스가 좁았지만, 아이들과 함께 즐겁게 포켓볼을 칠 수 있어서 다행이었네요. 낡은 시설이 눈에 띄긴 했지만,  가족끼리 즐거운 시간을 보냈습니다.",-0.03,0.02,0.06,0.04,0.03,0.03,"경주, 밝은마을길 9"
와이티티 호텔,부산,신라스테이 서부산점은 녹산산업단지 근처 조용한 곳에 위치해 푹 쉴 수 있었어요. 직원들도 친절하고 객실 청결도도 훌륭했고요. 특히 조식이 깔끔하고 맛있어서 다음에도 꼭 다시 이용할 거예요.,"방음이 약해서 시끄러웠고, 칫솔과 치약은 유료였어요. 환경을 생각하는 건 좋지만, 부산역까지 셔틀버스가 있었으면 더 좋았을 것 같아요.",0.02,0.01,0.11,0.18,0.09,0.09,"부산, 부산진구 중앙대로691번가길 27"
이비스 스타일 앰배서더 서울 명동,서울,"명동까지 걸어서 3분, 지하철역과 공항버스 정류장도 바로 앞이라 위치가 최고였어요! 직원들도 친절하고 아침식사도 좋았습니다. 정말 편리하고 만족스러운 숙박이었어요. 11월 서울의 쌀쌀한 날씨에도 불구하고, 호텔 직원이 친절하게 히터를 갖다줘 따뜻하게 지냈어요.","다만, 방의 문 상태가 가격 대비 아쉬웠네요. 직원들의 서비스와 위치는 정말 좋았지만, 전반적인 서비스 만족도는 다소 낮았습니다.",0.04,0.03,0.49,0.37,0.17,0.14,"서울, 중구 삼일대로 302"
이비스 스타일 앰배서더 서울 용산,서울,"남산타워가 보이는 멋진 뷰와 편안한 침구 덕분에 4성급 호텔의 명성에 걸맞는 즐거운 시간을 보냈어요. 용산역 바로 옆이라 이동도 편리했고, 친절한 직원들 덕분에 체크인도 빠르게 진행되었죠. 강북 야경까지 감상할 수 있어서 더욱 좋았습니다.","욕실과 침실이 완전히 분리되지 않아 불편했고, 특히 연말이라 가격이 너무 비쌌습니다. 와이파이 사용법과 TV-핸드폰 연결 기능에 대한 설명이 부족했어요. 체크아웃 직전에야 알게 된 점들이 아쉬웠습니다.",0.02,0.04,0.25,0.19,0.08,0.09,"서울, 용산구 청파로20길 95"
보코서울강남 by IHG,서울,"신사역과 가로수길이 코앞이라 걸어서 다니기 편했어요. 아이들과 함께 온 가족 호캉스에 공용주방도 유용할 것 같아요. 위치도 좋고 가족 여행객에게 추천할 만한 곳입니다. 하지만 전체적으로는 불편함 없었고, 특히 로비에 은은하게 퍼지는 향기가 좋았습니다.","도심 호텔이라 뷰는 크게 기대하지 않았지만, 발렛 주차 비용은 조금 아쉬웠어요. 다만 향이 조금만 더 약했으면 더 좋았을 것 같아요.",0.03,0.01,0.59,0.54,0.25,0.22,"서울, 강남구 도산대로 144"
